Fecha,Tiempo de reproducción (horas)
2021-02-11,501.789
2021-02-12,451.7712
2021-02-13,407.068
2021-02-14,486.5369
2021-02-15,470.8497
2021-02-16,460.8031
2021-02-17,462.8425
2021-02-18,400.017
2021-02-19,291.1697
2021-02-20,319.334
2021-02-21,343.7954
2021-02-22,334.0396
2021-02-23,496.8417
2021-02-24,316.2663
2021-02-25,296.673
2021-02-26,306.2558
2021-02-27,245.2981
2021-02-28,416.232
2021-03-01,361.0726
2021-03-02,320.3012
2021-03-03,314.4602
2021-03-04,319.0166
2021-03-05,263.6488
2021-03-06,314.4386
2021-03-07,333.8068
2021-03-08,320.4657
2021-03-09,323.0966
2021-03-10,308.0657
2021-03-11,383.3268
2021-03-12,440.0653
2021-03-13,453.993
2021-03-14,481.1082
2021-03-15,490.4593
2021-03-16,530.471
2021-03-17,544.5872
2021-03-18,577.1277
2021-03-19,549.4899
2021-03-20,598.8184
2021-03-21,539.3699
2021-03-22,623.9735
2021-03-23,476.0022
2021-03-24,463.8181
2021-03-25,461.7622
2021-03-26,433.5993
2021-03-27,466.9626
2021-03-28,487.8449
2021-03-29,400.4051
2021-03-30,359.3876
2021-03-31,368.664
2021-04-01,392.4154
2021-04-02,389.5686
2021-04-03,372.7446
2021-04-04,393.9271
2021-04-05,289.1378
2021-04-06,274.1698
2021-04-07,298.3228
2021-04-08,290.5192
2021-04-09,315.8993
2021-04-10,332.9417
2021-04-11,372.6142
2021-04-12,268.6828
2021-04-13,280.5471
2021-04-14,297.4781
2021-04-15,208.2694
2021-04-16,234.1545
2021-04-17,241.6106
2021-04-18,267.2327
2021-04-19,221.9535
2021-04-20,219.3763
2021-04-21,236.8806
2021-04-22,213.5929
2021-04-23,218.4535
2021-04-24,262.3534
2021-04-25,217.74
2021-04-26,202.3272
2021-04-27,205.8144
2021-04-28,180.4245
2021-04-29,193.403
2021-04-30,222.732
2021-05-01,260.8172
2021-05-02,264.2371
2021-05-03,217.2538
2021-05-04,228.7143
2021-05-05,241.3549
2021-05-06,246.9553
2021-05-07,247.6112
2021-05-08,250.4282
2021-05-09,338.8653
2021-05-10,256.936
2021-05-11,271.6398
2021-05-12,245.1835
2021-05-13,253.6187
2021-05-14,244.0873
2021-05-15,224.9444
2021-05-16,278.5821
2021-05-17,296.6447
2021-05-18,317.7423
2021-05-19,297.2084
2021-05-20,262.7357
2021-05-21,300.7415
2021-05-22,275.5248
2021-05-23,316.8142
2021-05-24,331.0492
2021-05-25,353.8523
2021-05-26,248.4322
2021-05-27,256.9464
2021-05-28,260.2903
2021-05-29,302.4316
2021-05-30,257.4141
2021-05-31,288.2997
2021-06-01,281.9542
2021-06-02,281.2925
2021-06-03,254.256
2021-06-04,205.4447
2021-06-05,255.2024
2021-06-06,243.7223
2021-06-07,307.4327
2021-06-08,219.2269
2021-06-09,236.4658
2021-06-10,223.2365
2021-06-11,199.2819
2021-06-12,205.3271
2021-06-13,192.9612
2021-06-14,204.8665
2021-06-15,196.9813
2021-06-16,197.3615
2021-06-17,204.4279
2021-06-18,175.4668
2021-06-19,219.8513
2021-06-20,183.1918
2021-06-21,220.2706
2021-06-22,196.5859
2021-06-23,183.18
2021-06-24,192.5315
2021-06-25,216.6058
2021-06-26,205.9425
2021-06-27,202.8713
2021-06-28,170.4529
2021-06-29,151.4904
2021-06-30,186.8879
2021-07-01,193.7055
2021-07-02,217.426
2021-07-03,169.0727
2021-07-04,186.9817
2021-07-05,211.6268
2021-07-06,191.056
2021-07-07,213.3063
2021-07-08,158.2213
2021-07-09,123.4713
2021-07-10,114.0522
2021-07-11,121.5585
2021-07-12,155.3271
2021-07-13,129.854
2021-07-14,134.5314
2021-07-15,137.8269
2021-07-16,130.8112
2021-07-17,116.9154
2021-07-18,145.0569
2021-07-19,135.8191
2021-07-20,140.167
2021-07-21,148.8213
2021-07-22,138.8747
2021-07-23,105.6438
2021-07-24,109.3521
2021-07-25,116.2312
2021-07-26,116.2424
2021-07-27,117.0547
2021-07-28,131.4321
2021-07-29,127.272
2021-07-30,116.0601
2021-07-31,112.2038
2021-08-01,116.2179
2021-08-02,109.501
2021-08-03,102.8451
2021-08-04,107.9229
2021-08-05,106.9603
2021-08-06,113.1502
2021-08-07,101.0546
2021-08-08,126.7796
2021-08-09,130.0992
2021-08-10,108.8351
2021-08-11,122.0494
2021-08-12,105.8126
2021-08-13,109.9873
2021-08-14,105.2432
2021-08-15,99.0681
2021-08-16,153.0789
2021-08-17,169.2559
2021-08-18,159.6959
2021-08-19,135.4815
2021-08-20,150.2062
2021-08-21,143.4557
2021-08-22,150.1429
2021-08-23,115.8782
2021-08-24,167.1281
2021-08-25,175.4661
2021-08-26,151.6672
2021-08-27,190.0412
2021-08-28,171.9038
2021-08-29,195.7444
2021-08-30,199.7507
2021-08-31,157.3085
2021-09-01,187.1226
2021-09-02,154.7109
2021-09-03,191.4403
2021-09-04,209.7271
2021-09-05,208.5747
2021-09-06,226.6054
2021-09-07,195.4158
2021-09-08,209.8292
2021-09-09,257.2926
2021-09-10,239.4646
2021-09-11,211.1154
2021-09-12,199.4608
2021-09-13,245.0918
2021-09-14,242.0324
2021-09-15,193.2902
2021-09-16,198.4908
2021-09-17,211.8574
2021-09-18,176.0905
2021-09-19,209.0551
2021-09-20,209.7064
2021-09-21,199.8304
2021-09-22,188.7013
2021-09-23,217.3349
2021-09-24,199.1905
2021-09-25,172.0583
2021-09-26,172.8279
2021-09-27,214.0236
2021-09-28,243.1228
2021-09-29,200.4046
2021-09-30,185.1933
2021-10-01,206.0487
2021-10-02,184.62
2021-10-03,214.7754
2021-10-04,255.0028
2021-10-05,212.4078
2021-10-06,227.6629
2021-10-07,169.6255
2021-10-08,216.5266
2021-10-09,180.6643
2021-10-10,178.7937
2021-10-11,229.0166
2021-10-12,173.9408
2021-10-13,193.6655
2021-10-14,186.9417
2021-10-15,153.6421
2021-10-16,153.3592
2021-10-17,164.8959
2021-10-18,225.1586
2021-10-19,215.9888
2021-10-20,195.3408
2021-10-21,202.5016
2021-10-22,202.4276
2021-10-23,191.6179
2021-10-24,228.2171
2021-10-25,240.1056
2021-10-26,207.519
2021-10-27,205.6327
2021-10-28,204.3629
2021-10-29,157.6071
2021-10-30,205.0991
2021-10-31,209.8409
2021-11-01,213.9595
2021-11-02,195.8593
2021-11-03,185.2326
2021-11-04,191.0711
2021-11-05,180.5108
2021-11-06,147.7998
2021-11-07,225.5827
2021-11-08,261.4208
2021-11-09,159.5436
2021-11-10,189.2107
2021-11-11,141.6628
2021-11-12,185.6284
2021-11-13,160.2672
2021-11-14,217.8212
2021-11-15,221.8646
2021-11-16,192.2713
2021-11-17,148.0001
2021-11-18,204.1479
2021-11-19,169.0534
2021-11-20,140.2006
2021-11-21,194.0028
2021-11-22,228.2994
2021-11-23,160.0994
2021-11-24,155.0941
2021-11-25,153.3367
2021-11-26,138.6221
2021-11-27,170.3966
2021-11-28,147.2672
2021-11-29,148.1269
2021-11-30,134.209
2021-12-01,101.5114
2021-12-02,111.3408
2021-12-03,62.3421
2021-12-04,74.5208
2021-12-05,78.0088
2021-12-06,59.7762
2021-12-07,40.6023
2021-12-08,65.0228
2021-12-09,46.6081
2021-12-10,53.8971
2021-12-11,60.4381
2021-12-12,74.9482
2021-12-13,63.7322
2021-12-14,70.3018
2021-12-15,68.5498
2021-12-16,69.2299
2021-12-17,70.5109
2021-12-18,51.1359
2021-12-19,51.1261
2021-12-20,49.3106
2021-12-21,57.569
2021-12-22,43.7886
2021-12-23,48.3294
2021-12-24,35.6778
2021-12-25,36.8571
2021-12-26,52.7529
2021-12-27,61.8192
2021-12-28,70.7949
2021-12-29,48.2164
2021-12-30,47.3605
2021-12-31,46.4582
2022-01-01,50.2663
2022-01-02,64.6357
2022-01-03,66.8562
2022-01-04,71.517
2022-01-05,86.3501
2022-01-06,74.3616
2022-01-07,77.9343
2022-01-08,66.2467
2022-01-09,78.9021
2022-01-10,89.7201
2022-01-11,91.7041
2022-01-12,81.377
2022-01-13,72.9022
2022-01-14,71.536
2022-01-15,98.1314
2022-01-16,77.5245
2022-01-17,68.3251
2022-01-18,87.2014
2022-01-19,73.0508
2022-01-20,74.6704
2022-01-21,80.0953
2022-01-22,66.6025
2022-01-23,89.5695
2022-01-24,86.8849
2022-01-25,82.2364
2022-01-26,70.91
2022-01-27,53.0054
2022-01-28,53.5631
2022-01-29,51.3407
2022-01-30,64.6883
2022-01-31,64.4363
2022-02-01,64.9066
2022-02-02,69.7956
2022-02-03,63.6056
2022-02-04,69.5624
2022-02-05,69.0394
2022-02-06,77.4559
2022-02-07,48.5337
2022-02-08,65.2278
2022-02-09,81.6669
2022-02-10,60.9864
2022-02-11,61.2961
2022-02-12,58.4409
2022-02-13,97.4206
2022-02-14,95.2782
2022-02-15,106.2438
2022-02-16,88.3029
2022-02-17,89.688
2022-02-18,80.4825
2022-02-19,81.7133
2022-02-20,114.9553
2022-02-21,81.6209
2022-02-22,83.6622
2022-02-23,84.8087
2022-02-24,103.6043
2022-02-25,105.6583
2022-02-26,102.6918
2022-02-27,117.8902
2022-02-28,100.5393
2022-03-01,85.9617
2022-03-02,99.029
2022-03-03,114.9879
2022-03-04,94.1607
2022-03-05,65.5617
2022-03-06,96.4683
2022-03-07,96.2964
2022-03-08,102.3412
2022-03-09,77.058
2022-03-10,98.6193
2022-03-11,150.6658
2022-03-12,169.384
2022-03-13,100.8484
2022-03-14,143.4356
2022-03-15,149.9164
2022-03-16,133.7714
2022-03-17,136.963
2022-03-18,110.3388
2022-03-19,101.8116
2022-03-20,139.1951
2022-03-21,182.5451
2022-03-22,136.8701
2022-03-23,122.5925
2022-03-24,123.8882
2022-03-25,148.6888
2022-03-26,154.9566
2022-03-27,185.5409
2022-03-28,207.6982
2022-03-29,213.4601
2022-03-30,190.4519
2022-03-31,177.1778
2022-04-01,195.2048
2022-04-02,209.5762
2022-04-03,248.6043
2022-04-04,224.1551
2022-04-05,230.8194
2022-04-06,180.9027
2022-04-07,185.2453
2022-04-08,206.7763
2022-04-09,148.1754
2022-04-10,234.0961
2022-04-11,198.1136
2022-04-12,196.1144
2022-04-13,158.9707
2022-04-14,179.0526
2022-04-15,181.7218
2022-04-16,194.0659
2022-04-17,222.5855
2022-04-18,190.7607
2022-04-19,196.9152
2022-04-20,144.4124
2022-04-21,187.3933
2022-04-22,153.1312
2022-04-23,163.079
2022-04-24,210.8492
2022-04-25,203.3461
2022-04-26,156.7612
2022-04-27,127.3605
2022-04-28,156.3138
2022-04-29,136.1267
2022-04-30,149.5035
2022-05-01,191.1967
2022-05-02,165.0395
2022-05-03,145.0791
2022-05-04,152.333
2022-05-05,149.2128
2022-05-06,144.5403
2022-05-07,133.599
2022-05-08,133.4437
2022-05-09,139.2841
2022-05-10,138.2391
2022-05-11,150.4619
2022-05-12,132.1038
2022-05-13,127.8393
2022-05-14,148.8715
2022-05-15,158.2762
2022-05-16,154.2506
2022-05-17,132.9904
2022-05-18,138.9563
2022-05-19,142.7769
2022-05-20,126.7063
2022-05-21,123.8686
2022-05-22,136.3093
2022-05-23,135.2478
2022-05-24,136.8735
2022-05-25,88.1322
2022-05-26,126.8197
2022-05-27,94.7874
2022-05-28,62.396
2022-05-29,84.9927
2022-05-30,117.264
2022-05-31,111.2144
2022-06-01,123.2413
2022-06-02,94.4735
2022-06-03,83.0601
2022-06-04,91.1908
2022-06-05,92.4807
2022-06-06,116.3057
2022-06-07,65.1157
2022-06-08,82.5003
2022-06-09,89.6766
2022-06-10,67.9337
2022-06-11,76.6132
2022-06-12,91.0434
2022-06-13,113.5326
2022-06-14,80.8161
2022-06-15,78.6858
2022-06-16,87.1909
2022-06-17,75.8309
2022-06-18,150.9844
2022-06-19,115.197
2022-06-20,214.7895
2022-06-21,197.4433
2022-06-22,175.1113
2022-06-23,106.8657
2022-06-24,121.4771
2022-06-25,145.1226
2022-06-26,104.7541
2022-06-27,135.5756
2022-06-28,112.5865
2022-06-29,125.605
2022-06-30,98.835
2022-07-01,109.9349
2022-07-02,108.072
2022-07-03,100.1631
2022-07-04,139.5428
2022-07-05,90.2348
2022-07-06,77.4618
2022-07-07,78.2086
2022-07-08,72.4789
2022-07-09,60.3079
2022-07-10,81.5262
2022-07-11,95.1455
2022-07-12,86.5087
2022-07-13,74.6711
2022-07-14,74.5457
2022-07-15,71.9292
2022-07-16,62.3385
2022-07-17,64.1809
2022-07-18,69.0854
2022-07-19,92.4488
2022-07-20,114.9266
2022-07-21,91.3834
2022-07-22,76.3017
2022-07-23,62.4092
2022-07-24,88.7598
2022-07-25,96.1578
2022-07-26,120.5002
2022-07-27,160.3923
2022-07-28,139.8666
2022-07-29,103.9411
2022-07-30,78.1205
2022-07-31,125.7134
2022-08-01,126.348
2022-08-02,92.4836
2022-08-03,97.3711
2022-08-04,77.3473
2022-08-05,77.804
2022-08-06,69.8767
2022-08-07,109.8152
2022-08-08,95.6632
2022-08-09,95.6254
2022-08-10,98.8881
2022-08-11,69.0731
2022-08-12,51.5446
2022-08-13,80.6122
2022-08-14,106.4481
2022-08-15,115.8622
2022-08-16,72.6426
2022-08-17,73.6599
2022-08-18,81.279
2022-08-19,76.6245
2022-08-20,82.6065
2022-08-21,82.9725
2022-08-22,84.3895
2022-08-23,88.4745
2022-08-24,105.6274
2022-08-25,121.2569
2022-08-26,66.5932
2022-08-27,71.4895
2022-08-28,98.2315
2022-08-29,98.7916
2022-08-30,86.1939
2022-08-31,67.8556
2022-09-01,87.5077
2022-09-02,91.8793
2022-09-03,119.5751
2022-09-04,136.5877
2022-09-05,111.9007
2022-09-06,117.3764
2022-09-07,70.7955
2022-09-08,84.9862
2022-09-09,68.8678
2022-09-10,116.9203
2022-09-11,138.8544
2022-09-12,105.5807
2022-09-13,124.3215
2022-09-14,88.7328
2022-09-15,144.016
2022-09-16,158.356
2022-09-17,139.0266
2022-09-18,144.3796
2022-09-19,139.2227
2022-09-20,182.3518
2022-09-21,188.1766
2022-09-22,243.7324
2022-09-23,209.9875
2022-09-24,236.955
2022-09-25,352.4695
2022-09-26,304.7168
2022-09-27,288.5181
2022-09-28,299.602
2022-09-29,267.6019
2022-09-30,228.2768
2022-10-01,197.0194
2022-10-02,190.7677
2022-10-03,207.8748
2022-10-04,167.1279
2022-10-05,168.3275
2022-10-06,219.9621
2022-10-07,235.1603
2022-10-08,218.7656
2022-10-09,306.0909
2022-10-10,187.3393
2022-10-11,186.1468
2022-10-12,173.0437
2022-10-13,283.2337
2022-10-14,229.5694
2022-10-15,269.6792
2022-10-16,350.0323
2022-10-17,351.5377
2022-10-18,304.9031
2022-10-19,271.228
2022-10-20,182.9618
2022-10-21,198.7143
2022-10-22,216.3447
2022-10-23,184.4799
2022-10-24,137.942
2022-10-25,136.077
2022-10-26,187.5389
2022-10-27,144.3456
2022-10-28,150.9464
2022-10-29,173.8943
2022-10-30,204.0737
2022-10-31,169.321
2022-11-01,170.6658
2022-11-02,205.274
2022-11-03,243.645
2022-11-04,219.7668
2022-11-05,163.4803
2022-11-06,175.911
2022-11-07,217.3187
2022-11-08,186.6345
2022-11-09,206.3882
2022-11-10,223.152
2022-11-11,234.7433
2022-11-12,188.4478
2022-11-13,220.0549
2022-11-14,275.6185
2022-11-15,234.3304
2022-11-16,177.5517
2022-11-17,170.9864
2022-11-18,163.7177
2022-11-19,148.8266
2022-11-20,136.2771
2022-11-21,157.0948
2022-11-22,107.6181
2022-11-23,124.236
2022-11-24,128.1846
2022-11-25,106.376
2022-11-26,121.0615
2022-11-27,191.8758
2022-11-28,124.902
2022-11-29,122.6452
2022-11-30,105.919
2022-12-01,130.2841
2022-12-02,134.9975
2022-12-03,168.2232
2022-12-04,150.6079
2022-12-05,147.0881
2022-12-06,117.1391
2022-12-07,112.3134
2022-12-08,117.2603
2022-12-09,100.8907
2022-12-10,109.0319
2022-12-11,117.3218
2022-12-12,92.388
2022-12-13,75.775
2022-12-14,89.4941
2022-12-15,79.2536
2022-12-16,96.7174
2022-12-17,116.0166
2022-12-18,107.3433
2022-12-19,133.213
2022-12-20,94.3214
2022-12-21,88.1836
2022-12-22,109.6602
2022-12-23,97.6724
2022-12-24,92.5519
2022-12-25,113.7472
2022-12-26,96.2494
2022-12-27,103.351
2022-12-28,91.3854
2022-12-29,99.9831
2022-12-30,115.1411
2022-12-31,102.5162
2023-01-01,110.512
2023-01-02,156.9882
2023-01-03,121.8047
2023-01-04,166.8968
2023-01-05,137.1133
2023-01-06,132.1283
2023-01-07,156.8276
2023-01-08,146.4656
2023-01-09,162.3809
2023-01-10,134.4183
2023-01-11,124.2074
2023-01-12,117.2346
2023-01-13,87.3677
2023-01-14,97.3811
2023-01-15,106.4677
2023-01-16,102.6011
2023-01-17,96.8385
2023-01-18,102.4044
2023-01-19,105.5641
2023-01-20,95.356
2023-01-21,117.9166
2023-01-22,130.4409
2023-01-23,121.8978
2023-01-24,100.9782
2023-01-25,86.1468
2023-01-26,98.0272
2023-01-27,86.8623
2023-01-28,100.4166
2023-01-29,85.7382
2023-01-30,91.0584
2023-01-31,75.6674
2023-02-01,103.0716
2023-02-02,121.0557
2023-02-03,86.1771
2023-02-04,84.6273
2023-02-05,74.4961
2023-02-06,78.4678
2023-02-07,103.8009
2023-02-08,111.0615
2023-02-09,106.251
2023-02-10,81.2693
2023-02-11,89.5641
2023-02-12,116.2814
2023-02-13,85.25
2023-02-14,86.8209
2023-02-15,92.8406
2023-02-16,97.726
2023-02-17,82.7616
2023-02-18,121.4957
2023-02-19,98.6299
2023-02-20,92.4102
2023-02-21,91.2308
2023-02-22,103.6555
2023-02-23,104.647
2023-02-24,77
2023-02-25,105.5203
2023-02-26,98.0745
2023-02-27,95.4697
2023-02-28,91.0923
2023-03-01,89.4721
2023-03-02,95.2398
2023-03-03,69.4879
2023-03-04,84.4717
2023-03-05,129.3403
2023-03-06,96.4017
2023-03-07,165.7355
2023-03-08,120.0771
2023-03-09,117.4928
2023-03-10,94.3306
2023-03-11,129.8697
2023-03-12,155.3178
2023-03-13,109.5068
2023-03-14,96.321
2023-03-15,143.3245
2023-03-16,166.1262
2023-03-17,113.4206
2023-03-18,146.6794
2023-03-19,176.7818
2023-03-20,231.4105
2023-03-21,145.5604
2023-03-22,120.4322
2023-03-23,90.5449
2023-03-24,91.7646
2023-03-25,130.0664
2023-03-26,141.1379
2023-03-27,112.1987
2023-03-28,128.8481
2023-03-29,101.8008
2023-03-30,91.3235
2023-03-31,93.4573
2023-04-01,178.7538
2023-04-02,177.8882
2023-04-03,99.4732
2023-04-04,99.0396
2023-04-05,106.6381
2023-04-06,165.2814
2023-04-07,180.3457
2023-04-08,180.2766
2023-04-09,173.058
2023-04-10,220.0431
2023-04-11,298.9366
2023-04-12,250.2888
2023-04-13,186.1691
2023-04-14,178.2026
2023-04-15,188.819
2023-04-16,251.6573
2023-04-17,237.3904
2023-04-18,365.698
2023-04-19,167.1392
2023-04-20,152.9826
2023-04-21,164.0033
2023-04-22,191.0288
2023-04-23,193.7047
2023-04-24,217.8167
2023-04-25,236.2814
2023-04-26,220.6635
2023-04-27,212.4023
2023-04-28,184.0354
2023-04-29,189.4192
2023-04-30,200.842
2023-05-01,274.0212
2023-05-02,223.7867
2023-05-03,216.8938
2023-05-04,229.1288
2023-05-05,198.2396
2023-05-06,202.8779
2023-05-07,234.7968
2023-05-08,201.071
2023-05-09,218.6379
2023-05-10,201.3158
2023-05-11,169.6117
2023-05-12,174.7634
2023-05-13,177.9787
2023-05-14,199.5951
2023-05-15,208.4105
2023-05-16,192.6406
2023-05-17,142.5994
2023-05-18,152.9849
2023-05-19,128.1768
2023-05-20,122.0223
2023-05-21,124.7326
2023-05-22,148.9091
2023-05-23,151.9026
2023-05-24,143.3216
2023-05-25,137.0494
2023-05-26,127.2214
2023-05-27,175.054
2023-05-28,182.7689
2023-05-29,145.671
2023-05-30,136.5705
2023-05-31,168.0902
2023-06-01,164.9776
2023-06-02,138.5956
2023-06-03,164.7154
2023-06-04,175.5837
2023-06-05,161.5835
2023-06-06,174.2694
2023-06-07,176.4057
2023-06-08,156.7924
2023-06-09,160.5387
2023-06-10,138.1646
2023-06-11,181.3717
2023-06-12,227.1823
2023-06-13,224.6634
2023-06-14,219.0639
2023-06-15,161.1393
2023-06-16,231.9112
2023-06-17,203.3823
2023-06-18,207.9719
2023-06-19,227.7033
2023-06-20,171.108
2023-06-21,145.3455
2023-06-22,181.1993
2023-06-23,132.6712
2023-06-24,130.3508
2023-06-25,175.5232
2023-06-26,124.8033
2023-06-27,124.8398
2023-06-28,149.8386
2023-06-29,179.4004
2023-06-30,198.1636
2023-07-01,198.4184
2023-07-02,194.4699
2023-07-03,199.7627
2023-07-04,200.4233
2023-07-05,232.2487
2023-07-06,214.4578
2023-07-07,225.0573
2023-07-08,197.0936
2023-07-09,218.5213
2023-07-10,215.057
2023-07-11,167.6986
2023-07-12,194.6689
2023-07-13,159.8358
2023-07-14,168.4326
2023-07-15,166.7053
2023-07-16,203.9399
2023-07-17,178.7794
2023-07-18,152.4656
2023-07-19,159.3417
2023-07-20,183.3265
2023-07-21,182.1598
2023-07-22,154.8009
2023-07-23,176.4913
2023-07-24,170.6193
2023-07-25,114.2975
2023-07-26,128.0416
2023-07-27,114.3574
2023-07-28,118.8484
2023-07-29,98.2567
2023-07-30,88.8017
2023-07-31,108.677
2023-08-01,98.4473
2023-08-02,108.433
2023-08-03,98.4558
2023-08-04,103.6516
2023-08-05,118.685
2023-08-06,144.0855
2023-08-07,161.5003
2023-08-08,207.2822
2023-08-09,224.3975
2023-08-10,176.6141
2023-08-11,179.4717
2023-08-12,165.572
2023-08-13,214.271
2023-08-14,173.3437
2023-08-15,150.6713
2023-08-16,124.207
2023-08-17,122.3026
2023-08-18,129.0405
2023-08-19,150.3619
2023-08-20,146.549
2023-08-21,212.2595
2023-08-22,1040.7126
2023-08-23,313.8487
2023-08-24,197.6336
2023-08-25,145.2641
2023-08-26,151.9816
2023-08-27,164.1083
2023-08-28,189.2827
2023-08-29,212.2417
2023-08-30,205.9872
2023-08-31,195.7515
2023-09-01,147.3813
2023-09-02,197.7636
2023-09-03,198.001
2023-09-04,188.5734
2023-09-05,239.4507
2023-09-06,247.0436
2023-09-07,183.3057
2023-09-08,113.292
2023-09-09,143.0015
2023-09-10,143.8382
2023-09-11,142.7005
2023-09-12,146.5525
2023-09-13,118.2339
2023-09-14,116.6527
2023-09-15,99.1239
2023-09-16,108.4473
2023-09-17,141.7752
2023-09-18,106.2547
2023-09-19,118.3596
2023-09-20,115.1499
2023-09-21,102.8211
2023-09-22,109.7425
2023-09-23,119.4895
2023-09-24,133.7775
2023-09-25,135.7578
2023-09-26,176.7364
2023-09-27,173.2418
2023-09-28,156.7358
2023-09-29,191.539
2023-09-30,141.2248
2023-10-01,174.8905
2023-10-02,106.9106
2023-10-03,98.3582
2023-10-04,87.8174
2023-10-05,106.534
2023-10-06,65.0359
2023-10-07,69.7196
2023-10-08,77.9895
2023-10-09,63.0683
2023-10-10,83.9621
2023-10-11,66.7865
2023-10-12,86.8943
2023-10-13,107.1299
2023-10-14,66.9212
2023-10-15,96.1333
2023-10-16,95.2382
2023-10-17,79.9257
2023-10-18,106.4591
2023-10-19,117.9789
2023-10-20,97.7174
2023-10-21,97.359
2023-10-22,145.6686
2023-10-23,147.3373
2023-10-24,150.6633
2023-10-25,126.1277
2023-10-26,158.9746
2023-10-27,145.2063
2023-10-28,157.2963
2023-10-29,170.3241
2023-10-30,182.7108
2023-10-31,179.1718
2023-11-01,146.272
2023-11-02,126.5945
2023-11-03,151.754
2023-11-04,142.5764
2023-11-05,142.5803
2023-11-06,170.9022
2023-11-07,125.0718
2023-11-08,204.9339
2023-11-09,153.2039
2023-11-10,135.5533
2023-11-11,163.405
2023-11-12,169.7071
2023-11-13,173.0892
2023-11-14,124.6245
2023-11-15,145.5941
2023-11-16,232.1862
2023-11-17,163.8312
2023-11-18,189.8534
2023-11-19,234.6763
2023-11-20,246.1881
2023-11-21,243.1423
2023-11-22,275.2066
2023-11-23,313.9764
2023-11-24,310.927
2023-11-25,248.6463
2023-11-26,279.9696
2023-11-27,114.6874
2023-11-28,283.0175
2023-11-29,153.7395
2023-11-30,57.9024
2023-12-01,54.4689
2023-12-02,56.0059
2023-12-03,73.4032
2023-12-04,51.149
2023-12-05,49.698
2023-12-06,124.1373
2023-12-07,44.6976
2023-12-08,55.7547
2023-12-09,33.0942
2023-12-10,47.0667
2023-12-11,42.2285
2023-12-12,50.428
2023-12-13,39.5913
2023-12-14,45.0898
2023-12-15,36.6879
2023-12-16,35.6093
2023-12-17,44.3783
2023-12-18,38.2882
2023-12-19,40.2148
2023-12-20,38.8121
2023-12-21,39.0348
2023-12-22,42.101
2023-12-23,37.731
2023-12-24,18.3104
2023-12-25,27.9631
2023-12-26,37.0049
2023-12-27,37.2897
2023-12-28,36.4729
2023-12-29,42.287
2023-12-30,23.359
2023-12-31,28.0912
2024-01-01,30.7216
2024-01-02,46.2017
2024-01-03,39.7644
2024-01-04,34.0627
2024-01-05,54.1986
2024-01-06,54.0145
2024-01-07,61.0718
2024-01-08,45.3673
2024-01-09,39.5368
2024-01-10,41.8193
2024-01-11,43.7998
2024-01-12,67.9418
2024-01-13,49.8622
2024-01-14,56.1196
2024-01-15,53.7638
2024-01-16,46.03
2024-01-17,70.0989
2024-01-18,66.8606
2024-01-19,55.1651
2024-01-20,61.2092
2024-01-21,50.8298
2024-01-22,65.1889
2024-01-23,50.4287
2024-01-24,75.9673
2024-01-25,64.0317
2024-01-26,87.0596
2024-01-27,70.18
2024-01-28,65.6962
2024-01-29,64.4128
2024-01-30,65.9066
2024-01-31,73.7489
2024-02-01,56.6026
2024-02-02,30.9432
2024-02-03,47.4134
2024-02-04,46.7354
2024-02-05,58.9344
2024-02-06,57.8655
2024-02-07,53.2563
2024-02-08,48.788
2024-02-09,66.5934
2024-02-10,50.6421
2024-02-11,45.4829
2024-02-12,113.2442
2024-02-13,131.712
2024-02-14,133.0489
2024-02-15,118.9089
2024-02-16,105.5702
2024-02-17,125.1514
2024-02-18,103.3965
2024-02-19,72.8669
2024-02-20,63.8897
2024-02-21,85.2572
2024-02-22,68.1758
2024-02-23,64.0821
2024-02-24,85.1355
2024-02-25,97.5961
2024-02-26,80.0374
2024-02-27,64.3278
2024-02-28,48.9653
2024-02-29,67.2158
2024-03-01,53.9455
2024-03-02,73.0831
2024-03-03,61.8297
2024-03-04,66.9188
2024-03-05,79.5054
2024-03-06,72.1839
2024-03-07,78.2625
2024-03-08,71.6673
2024-03-09,60.8872
2024-03-10,67.2784
2024-03-11,56.8483
2024-03-12,50.2313
2024-03-13,51.0393
2024-03-14,55.586
2024-03-15,58.1047
2024-03-16,47.5459
2024-03-17,53.0394
2024-03-18,58.234
2024-03-19,188.1192
2024-03-20,140.1983
2024-03-21,597.789
2024-03-22,97.8388
2024-03-23,93.8573
2024-03-24,76.7633
2024-03-25,65.9124
2024-03-26,79.5135
2024-03-27,59.1824
2024-03-28,99.2144
2024-03-29,104.3773
2024-03-30,90.3827
2024-03-31,82.9522
2024-04-01,71.2261
2024-04-02,85.2251
2024-04-03,82.2923
2024-04-04,85.7978
2024-04-05,54.457
2024-04-06,50.3098
2024-04-07,48.4816
2024-04-08,55.2923
2024-04-09,52.3257
2024-04-10,59.8982
2024-04-11,74.3343
2024-04-12,56.0096
2024-04-13,61.3786
2024-04-14,65.4323
2024-04-15,59.1521
2024-04-16,58.0071
2024-04-17,54.3401
2024-04-18,58.113
2024-04-19,46.9901
2024-04-20,58.7941
2024-04-21,57.952
2024-04-22,66.7982
2024-04-23,57.4061
2024-04-24,59.5413
2024-04-25,55.1831
2024-04-26,61.7974
2024-04-27,59.4875
2024-04-28,66.916
2024-04-29,63.7534
2024-04-30,58.4328
2024-05-01,60.4758
2024-05-02,81.4731
2024-05-03,62.2718
2024-05-04,50.978
2024-05-05,58.8567
2024-05-06,49.6202
2024-05-07,37.8268
2024-05-08,58.4554
2024-05-09,49.1028
2024-05-10,81.1555
2024-05-11,45.1902
2024-05-12,34.3409
2024-05-13,51.0273
2024-05-14,239.0243
2024-05-15,94.9181
2024-05-16,82.6918
2024-05-17,47.373
2024-05-18,76.6156
2024-05-19,54.7809
2024-05-20,57.5548
2024-05-21,73.4834
2024-05-22,70.2266
2024-05-23,59.5738
2024-05-24,57.1434
2024-05-25,49.0489
2024-05-26,46.5829
2024-05-27,49.3999
2024-05-28,62.9676
2024-05-29,55.3296
2024-05-30,58.4469
2024-05-31,66.5212
2024-06-01,67.4869
2024-06-02,89.2267
2024-06-03,139.0889
2024-06-04,125.62
2024-06-05,154.1427
2024-06-06,135.1289
2024-06-07,100.9499
2024-06-08,99.5407
2024-06-09,128.9628
2024-06-10,227.8227
2024-06-11,179.746
2024-06-12,123.6751
2024-06-13,107.4524
2024-06-14,93.7461
2024-06-15,115.6715
2024-06-16,112.9334
2024-06-17,105.9878
2024-06-18,79.9924
2024-06-19,92.922
2024-06-20,77.5705
2024-06-21,83.4531
2024-06-22,104.8259
2024-06-23,99.1696
2024-06-24,80.0356
2024-06-25,85.8209
2024-06-26,107.4389
2024-06-27,584.5346
2024-06-28,84.9663
2024-06-29,96.3474
2024-06-30,92.2991
2024-07-01,112.7308
2024-07-02,106.1395
2024-07-03,103.215
2024-07-04,96.8165
2024-07-05,94.2136
2024-07-06,81.6924
2024-07-07,116.3586
2024-07-08,86.0347
2024-07-09,66.6139
2024-07-10,86.963
2024-07-11,80.86
2024-07-12,65.8522
2024-07-13,79.7261
2024-07-14,66.2912
2024-07-15,101.2224
2024-07-16,89.0976
2024-07-17,89.305
2024-07-18,82.6032
2024-07-19,103.676
2024-07-20,111.184
2024-07-21,124.7971
2024-07-22,102.1439
2024-07-23,108.4045
2024-07-24,102.5714
2024-07-25,128.8668
2024-07-26,96.0191
2024-07-27,106.459
2024-07-28,97.4693
2024-07-29,104.7746
2024-07-30,157.0409
2024-07-31,135.5842
2024-08-01,110.6469
2024-08-02,85.448
2024-08-03,94.6125
2024-08-04,114.0662
2024-08-05,87.6456
2024-08-06,103.3858
2024-08-07,118.157
2024-08-08,107.2142
2024-08-09,84.6788
2024-08-10,76.3079
2024-08-11,92.3208
2024-08-12,91.0157
2024-08-13,123.5836
2024-08-14,131.542
2024-08-15,114.1437
2024-08-16,118.8577
2024-08-17,115.9164
2024-08-18,115.9565
2024-08-19,128.9605
2024-08-20,108.4828
2024-08-21,110.8817
2024-08-22,111.9322
2024-08-23,95.3076
2024-08-24,92.6143
2024-08-25,129.7316
2024-08-26,112.4685
2024-08-27,110.3778
2024-08-28,91.621
2024-08-29,89.6911
2024-08-30,93.1459
2024-08-31,83.2358
2024-09-01,115.098
2024-09-02,80.7076
2024-09-03,91.8352
2024-09-04,71.658
2024-09-05,77.805
2024-09-06,76.4138
2024-09-07,69.2493
2024-09-08,89.0324
2024-09-09,90.5115
2024-09-10,65.9708
2024-09-11,66.3605
2024-09-12,68.5201
2024-09-13,73.1871
2024-09-14,102.6335
2024-09-15,74.2891
2024-09-16,82.2941
2024-09-17,76.5263
2024-09-18,67.1518
2024-09-19,48.7243
2024-09-20,50.3426
2024-09-21,76.5561
2024-09-22,59.63
2024-09-23,63.322
2024-09-24,84.7167
2024-09-25,84.4474
2024-09-26,76.4541
2024-09-27,71.8873
2024-09-28,69.8047
2024-09-29,79.1393
2024-09-30,50.8323
2024-10-01,63.4573
2024-10-02,48.2896
2024-10-03,74.9182
2024-10-04,68.8159
2024-10-05,54.8192
2024-10-06,77.0043
2024-10-07,78.8681
2024-10-08,89.7181
2024-10-09,64.3224
2024-10-10,73.2489
2024-10-11,90.188
2024-10-12,92.3687
2024-10-13,105.3803
2024-10-14,94.8579
2024-10-15,107.991
2024-10-16,83.2132
2024-10-17,69.9928
2024-10-18,96.5913
2024-10-19,114.4438
2024-10-20,77.954
2024-10-21,82.3414
2024-10-22,106.571
2024-10-23,73.8092
2024-10-24,79.1699
2024-10-25,91.8499
2024-10-26,81.1291
2024-10-27,86.7224
2024-10-28,84.8126
2024-10-29,77.2185
2024-10-30,76.0712
2024-10-31,87.153
2024-11-01,62.6529
2024-11-02,75.9233
2024-11-03,77.2027
2024-11-04,96.0746
2024-11-05,62.0654
2024-11-06,67.7071
2024-11-07,86.3912
2024-11-08,100.7871
2024-11-09,102.886
2024-11-10,125.721
2024-11-11,121.7517
2024-11-12,140.6835
2024-11-13,96.9484
2024-11-14,143.7783
2024-11-15,128.1671
2024-11-16,97.5581
2024-11-17,97.4562
2024-11-18,154.0133
2024-11-19,197.251
2024-11-20,217.4805
2024-11-21,100.7878
2024-11-22,90.3406
2024-11-23,82.857
2024-11-24,61.5424
2024-11-25,84.3998
2024-11-26,150.1266
2024-11-27,149.1088
2024-11-28,87.0849
2024-11-29,72.0477
2024-11-30,86.4839
2024-12-01,120.669
2024-12-02,117.4109
2024-12-03,128.0636
2024-12-04,161.2094
2024-12-05,162.6996
2024-12-06,229.2969
2024-12-07,184.5627
2024-12-08,197.1234
2024-12-09,170.9046
2024-12-10,148.5412
2024-12-11,186.2584
2024-12-12,212.9738
2024-12-13,159.5807
2024-12-14,169.9912
2024-12-15,125.135
2024-12-16,120.9117
2024-12-17,144.9328
2024-12-18,202.0127
2024-12-19,151.4008
2024-12-20,133.6083
2024-12-21,136.6773
2024-12-22,150.7463
2024-12-23,117.5493
2024-12-24,88.1989
2024-12-25,122.5985
2024-12-26,119.062
2024-12-27,148.5086
2024-12-28,180.2294
2024-12-29,191.9665
2024-12-30,187.2727
2024-12-31,111.8591
2025-01-01,142.736
2025-01-02,187.0365
2025-01-03,193.1768
2025-01-04,238.6246
2025-01-05,196.8563
2025-01-06,180.007
2025-01-07,166.0635
2025-01-08,160.4865
2025-01-09,182.2593
2025-01-10,199.6359
2025-01-11,343.2581
2025-01-12,399.2002
2025-01-13,332.5952
2025-01-14,339.8538
2025-01-15,308.6689
2025-01-16,305.6706
2025-01-17,236.5861
2025-01-18,292.0284
2025-01-19,381.9057
2025-01-20,323.5547
2025-01-21,233.3208
2025-01-22,267.8141
2025-01-23,322.8186
2025-01-24,287.8138
2025-01-25,331.2101
2025-01-26,325.0173
2025-01-27,213.7936
2025-01-28,248.3965
2025-01-29,222.2304
2025-01-30,226.4031
2025-01-31,197.9334
2025-02-01,124.584
2025-02-02,149.7143
2025-02-03,134.7726
2025-02-04,140.4043
2025-02-05,129.429
2025-02-06,127.3189
2025-02-07,120.5958
2025-02-08,126.437
2025-02-09,153.6423
2025-02-10,145.0339
2025-02-11,102.0886
2025-02-12,89.1128
2025-02-13,195.3218
2025-02-14,147.586
2025-02-15,179.5234
2025-02-16,205.8984
2025-02-17,188.399
2025-02-18,172.4957
2025-02-19,182.6069
2025-02-20,192.3181
2025-02-21,155.4095
2025-02-22,183.7313
2025-02-23,205.5047
2025-02-24,125.9153
2025-02-25,91.8387
2025-02-26,104.4908
2025-02-27,84.2975
2025-02-28,82.46
2025-03-01,81.4528
2025-03-02,61.3807
2025-03-03,66.5316
2025-03-04,75.6721
2025-03-05,58.7838
2025-03-06,52.7332
2025-03-07,82.134
2025-03-08,69.3645
2025-03-09,98.7847
2025-03-10,61.413
2025-03-11,61.515
2025-03-12,78.8617
2025-03-13,67.8868
2025-03-14,70.3884
2025-03-15,73.8253
2025-03-16,72.9316
2025-03-17,193.6074
2025-03-18,231.7504
2025-03-19,293.863
2025-03-20,282.3045
2025-03-21,254.2835
2025-03-22,259.8119
2025-03-23,257.039
2025-03-24,248.77
2025-03-25,170.9288
2025-03-26,67.5964
2025-03-27,70.5101
2025-03-28,59.741
2025-03-29,50.0489
2025-03-30,71.8934
2025-03-31,66.1655
2025-04-01,59.2121
2025-04-02,59.6916
2025-04-03,83.7192
2025-04-04,72.2025
2025-04-05,68.8193
2025-04-06,72.6034
2025-04-07,66.9063
2025-04-08,91.6202
2025-04-09,149.5071
2025-04-10,145.8676
2025-04-11,147.374
2025-04-12,120.894
2025-04-13,124.6418
2025-04-14,122.0812
2025-04-15,141.9178
2025-04-16,136.392
2025-04-17,122.6762
2025-04-18,133.846
2025-04-19,146.5417
2025-04-20,140.9921
2025-04-21,94.2979
2025-04-22,77.8622
2025-04-23,79.8693
2025-04-24,62.2993
2025-04-25,75.7737
2025-04-26,58.2041
2025-04-27,82.1558
2025-04-28,65.0179
2025-04-29,64.116
2025-04-30,58.5396
2025-05-01,105.0105
2025-05-02,124.2428
2025-05-03,164.3445
2025-05-04,178.9176
2025-05-05,167.6541
2025-05-06,171.3965
2025-05-07,167.1731
2025-05-08,176.8269
2025-05-09,174.2521
2025-05-10,153.3805
2025-05-11,152.9347
2025-05-12,141.9529
2025-05-13,149.7765
2025-05-14,183.5878
2025-05-15,417.1868
2025-05-16,371.297
2025-05-17,372.1151
2025-05-18,351.4562
2025-05-19,350.7962
2025-05-20,193.333
2025-05-21,143.4204
2025-05-22,158.2855
2025-05-23,155.6288
2025-05-24,159.1131
2025-05-25,143.9034
2025-05-26,150.9692
2025-05-27,137.3275
2025-05-28,147.888
2025-05-29,135.8109
2025-05-30,162.7927
2025-05-31,151.1465
2025-06-01,65.8874
2025-06-02,89.1232
2025-06-03,76.2598
2025-06-04,89.3488
2025-06-05,77.4965
2025-06-06,82.4334
2025-06-07,62.9824
2025-06-08,63.0986
2025-06-09,85.1058
2025-06-10,83.5274
2025-06-11,88.504
2025-06-12,80.6787
2025-06-13,90.7529
2025-06-14,90.0597
2025-06-15,90.5098
2025-06-16,107.0323
2025-06-17,102.8548
2025-06-18,100.8654
2025-06-19,111.493
2025-06-20,85.0819
2025-06-21,88.3249
2025-06-22,98.2003
2025-06-23,115.7065
2025-06-24,108.45
2025-06-25,82.3471
2025-06-26,106.9144
2025-06-27,81.7463
2025-06-28,118.2371
2025-06-29,93.6632
2025-06-30,97.5446
2025-07-01,93.5495
2025-07-02,91.9204
2025-07-03,94.2579
2025-07-04,66.9635
2025-07-05,76.3297
2025-07-06,78.4199
2025-07-07,73.0497
2025-07-08,83.0815
2025-07-09,80.7275
2025-07-10,80.3833
2025-07-11,70.3305
2025-07-12,79.5022
2025-07-13,85.7913
2025-07-14,84.366
2025-07-15,74.7695
2025-07-16,74.2915
2025-07-17,78.04
2025-07-18,75.9879
2025-07-19,71.8187
2025-07-20,70.2538
2025-07-21,90.9892
2025-07-22,83.3421
2025-07-23,78.734
2025-07-24,82.4882
2025-07-25,66.964
2025-07-26,47.0644
2025-07-27,89.8163
2025-07-28,68.9175
2025-07-29,73.0431
2025-07-30,81.8653
2025-07-31,84.7092
2025-08-01,64.1277
2025-08-02,60.3685
2025-08-03,107.7099
2025-08-04,97.1291
2025-08-05,106.5747
2025-08-06,133.6321
2025-08-07,81.4937
2025-08-08,129.4613
2025-08-09,105.5736
2025-08-10,93.6666
2025-08-11,137.385
2025-08-12,100.3631
2025-08-13,111.0673
2025-08-14,96.6882
2025-08-15,76.4749
2025-08-16,115.0555
2025-08-17,122.391
2025-08-18,123.8093
2025-08-19,118.2567
2025-08-20,174.0674
2025-08-21,231.4533
2025-08-22,194.448
2025-08-23,160.6389
2025-08-24,90.8321
2025-08-25,128.4176
2025-08-26,108.1297
2025-08-27,149.2932
2025-08-28,105.6195
2025-08-29,123.1074
2025-08-30,124.1103
2025-08-31,129.5515
2025-09-01,112.8404
2025-09-02,92.2787
2025-09-03,92.7437
2025-09-04,94.3081
2025-09-05,102.1164
2025-09-06,79.8484
2025-09-07,84.6944
2025-09-08,95.7411
2025-09-09,81.2215
2025-09-10,83.6741
2025-09-11,76.854
2025-09-12,88.5047
2025-09-13,107.7404
2025-09-14,71.5974
2025-09-15,98.4396
2025-09-16,83.0641
2025-09-17,109.8026
2025-09-18,119.0538
2025-09-19,108.2817
2025-09-20,156.8493
2025-09-21,145.1403
2025-09-22,100.7301
2025-09-23,129.6896
2025-09-24,124.5453
2025-09-25,115.7455
2025-09-26,105.4393
2025-09-27,157.2444
2025-09-28,168.9526
2025-09-29,180.8021
2025-09-30,188.4912
2025-10-01,286.0912
2025-10-02,228.4781
2025-10-03,238.9144
2025-10-04,244.5561
2025-10-05,277.607
2025-10-06,111.4286
2025-10-07,114.4889
2025-10-08,131.3756
2025-10-09,109.5009
2025-10-10,86.3012
2025-10-11,97.4501
2025-10-12,106.9804
2025-10-13,124.1203
2025-10-14,108.2685
2025-10-15,122.1699
2025-10-16,66.0214
2025-10-17,46.0897
2025-10-18,43.5945
2025-10-19,41.0338
2025-10-20,43.6021
2025-10-21,52.6347
2025-10-22,46.8959
2025-10-23,53.0309
2025-10-24,39.895
2025-10-25,50.1033
2025-10-26,50.0022
2025-10-27,46.2355
2025-10-28,55.0844
2025-10-29,74.0232
2025-10-30,46.5602
2025-10-31,40.4194
2025-11-01,38.3059
2025-11-02,32.1005
2025-11-03,44.9874
2025-11-04,106.3609
2025-11-05,121.4049
2025-11-06,127.0456
2025-11-07,143.5585
2025-11-08,159.4272
2025-11-09,189.7458
2025-11-10,184.6261
2025-11-11,141.2719
2025-11-12,142.7202
2025-11-13,140.7786
2025-11-14,234.6137
2025-11-15,160.7392
2025-11-16,153.2687
2025-11-17,130.8697
2025-11-18,117.8456
2025-11-19,132.1789
2025-11-20,119.3649
2025-11-21,117.4046
2025-11-22,153.8205
2025-11-23,224.3083
2025-11-24,155.682
2025-11-25,154.7514
2025-11-26,226.3912
2025-11-27,243.669
2025-11-28,244.061
2025-11-29,305.2769
2025-11-30,305.2429
2025-12-01,346.7279
2025-12-02,311.1891
2025-12-03,260.9612
2025-12-04,334.4479
2025-12-05,356.7094
2025-12-06,318.235
2025-12-07,535.2913
2025-12-08,313.0601
2025-12-09,389.4996
2025-12-10,354.8639
2025-12-11,354.1739
2025-12-12,362.4238
2025-12-13,255.4094
2025-12-14,315.4471
2025-12-15,234.8618
2025-12-16,160.6925
2025-12-17,178.8528
2025-12-18,256.0579
2025-12-19,394.2763
2025-12-20,324.0381
2025-12-21,338.9136
2025-12-22,261.708
2025-12-23,142.8595
2025-12-24,11.08
2025-12-25,68.668
2025-12-26,383.9849
2025-12-27,191.5201
2025-12-28,315.5518
2025-12-29,280.2721
2025-12-30,220.2781
2025-12-31,228.5593
2026-01-01,292.3376
2026-01-02,259.7462
2026-01-03,178.6501
2026-01-04,194.599
2026-01-05,242.8022
2026-01-06,270.9273
2026-01-07,210.0975
2026-01-08,246.1533
2026-01-09,233.8121
2026-01-10,248.7512
2026-01-11,228.0148
2026-01-12,248.0317
2026-01-13,222.7878
2026-01-14,233.2258
2026-01-15,249.8804
2026-01-16,233.2104
2026-01-17,217.5852
2026-01-18,241.0598
2026-01-19,225.7314
2026-01-20,211.1439
2026-01-21,204.8041
2026-01-22,211.3229
2026-01-23,208.6203
2026-01-24,237.4547
2026-01-25,262.894
2026-01-26,190.5906
2026-01-27,262.7005
2026-01-28,234.2684
2026-01-29,225.3481
2026-01-30,246.0899
2026-01-31,285.5659
2026-02-01,497.6051
2026-02-02,367.1043
2026-02-03,312.787
2026-02-04,219.8491
2026-02-05,59.2294
2026-02-06,63.3904
2026-02-07,457.3288
2026-02-08,504.4922
2026-02-09,463.2157
2026-02-10,279.3983
2026-02-11,346.9293
2026-02-12,326.8406
2026-02-13,286.5861
2026-02-14,384.6003
2026-02-15,279.9985
2026-02-16,480.9486
2026-02-17,271.3948
2026-02-18,288.4668
2026-02-19,258.8893
2026-02-20,289.2407
2026-02-21,269.4212
2026-02-22,356.129
2026-02-23,298.201
2026-02-24,254.3442
2026-02-25,250.0359
2026-02-26,302.501
2026-02-27,232.6112
2026-02-28,314.0853
2026-03-01,435.5378
2026-03-02,206.1089
2026-03-03,250.7743
2026-03-04,328.8942
2026-03-05,356.2684
2026-03-06,369.8883
2026-03-07,367.3473
2026-03-08,257.7485
2026-03-09,289.9405
2026-03-10,286.2564
