Contenido,Título del video,Tiempo de publicación del video,Duración,Vistas,Tiempo de reproducción (horas),Suscriptores,Impresiones,Tasa de clics de las impresiones (%)
Total,,,,1464161,8373.5095,65,231417,3.74
DzkVnRAYPIs,Conoce las ventajas de estudiar un pregrado en la Universidad Ean,"Oct 30, 2025",47,787427,3605.8413,1,234,5.56
cI3_jDfxj8o,Un posgrado de la #UniversidadEan que se adapta a ti,"Oct 30, 2025",38,196496,1114.335,0,140,4.29
lZl1OWV2HWc,El siguiente paso en tu carrera está con la #UniversidadEan,"Oct 30, 2025",38,184165,759.3849,0,275,3.64
Vv4QL_81-Bw,Conoce las ventajas de estudiar un pregrado en la Universidad Ean,"Oct 30, 2025",47,155436,681.8627,0,330,3.94
_F8ze0vO2xM,"Ser Eanista es vivir la U completa: cultura, deporte y experiencias que van más allá de las clases.","Jan 5, 2026",59,98578,232.9759,0,258,4.65
nRuP_N4xQV8,¡Llegó un nuevo modelo virtual a la Universidad Ean! 💻📲,"Oct 31, 2025",37,13528,69.5248,0,179,1.12
oh_ixcQ3DS8,Descubre el nuevo modelo Virtual 📲💻de la Universidad Ean💚,"Oct 31, 2025",37,9688,55.5511,0,496,3.83
AUNrXlQ-1qo,¿Cómo entender los grandes sucesos del siglo XXI? / Conferencia de Diana Uribe,"Aug 22, 2019",3543,5318,1414.9302,30,107065,3.3
azOGTMcaYm4,"'Todos sumamos en el lugar correcto' - Experimento social sobre inclusión, Universidad Ean","Jan 17, 2024",464,5124,234.9849,12,77973,4.65
UFNBtFwi7A0,"Denario, la fintech 100 % colombiana que transforma la vida de los trabajadores en Colombia","Apr 10, 2023",137,459,18.216,0,131,11.45
rxqiH2LkJQM,5 razones por las que la Ean es tu mejor opción,"Nov 5, 2024",54,413,4.7318,2,789,8.11
K8fwUQFwHBw,OBTÉN el 30% de DESCUENTO en programas de Educación Continua de la #Ean 💡,"Mar 12, 2026",50,373,0.79,0,353,1.7
nFtU7ZBpuBM,Conoce la modalidad virtual de la Universidad Ean,"Jan 31, 2024",523,369,19.5891,4,502,7.57
G9laMqCP_ho,El emprendimiento que se convirtió en la Universidad Ean,"Nov 27, 2023",256,367,9.7981,0,571,12.61
yl8ANhpT9N0,Del salón al backstage 👀🎶 así se vive el #AprenderHaciendo en la Ean desde el #EstéreoPicnic 🔥,"Mar 21, 2026",108,286,0.6615,0,295,1.69
1WxWVFLwxwc,Aprende 12 señas básicas de Lengua de Señas Colombiana,"Sep 23, 2022",117,248,5.9162,0,742,2.29
XUFFLg5DrOQ,"Saludo de Brigitte Baptiste, nueva rectora de la Universidad Ean","Aug 1, 2019",141,241,3.8293,0,120,5
eLVykpnMYB8,Becas por Colombia: estudia virtual en la Universidad Ean  sin salir de tu región,"Mar 4, 2026",60,227,0.4797,0,497,1.81
TyIAUQBQETk,Hablar es aprender: #PAT + sábados en #ClasesDeIdiomas | #LenguasModernas,"Mar 6, 2026",57,219,0.3804,0,405,1.48
diWF9M_TbOc,"Talento hay en todas las regiones. Juan Gabriel,  hoy es magíster gracias a la U. Ean y Corpadein","Mar 18, 2026",90,219,0.908,0,6448,0.12
l7rAoqXqXt4,#GerenciaDeProyectos con impacto | #UniversidadEAN,"Mar 8, 2026",51,171,0.3315,0,424,1.89
qpE5KelAAoM,"¿Proyectos que nadie recuerda? 👀Con esta carrera, eso deja de pasar 💚","Mar 28, 2026",52,148,0.202,0,279,1.43
xpjAyzF53ts,Biblioteca Hildebrando Perico Afanador,"Jul 15, 2024",136,143,2.7361,0,299,1.67
wFhdcMCeISM,Lidera de la mano con #IA e impacto con la Maestría en Gerencia de Proyectos | #EAN,"Mar 22, 2026",52,139,0.2145,0,365,1.64
8bHA3cSMJxM,"Competitividad en Colombia: retos, productividad y oportunidades | Daniel Gómez Gaviria","Jan 16, 2026",3045,116,19.5047,0,409,6.6
c9HKWqe5o8g,Lleva tu ingeniería al siguiente nivel con un MBA en liderazgo e innovación en la Universidad Ean,"Feb 19, 2026",55,103,0.8827,0,253,4.74
FS-E4QiUJv4,¡Llegó la temporada de matrículas! Así puedes inscribir tus unidades de estudio,,180,97,3.4355,0,7,28.57
R4tF01WVbWM,Estudia Lenguas Modernas en la Universidad Ean.💥 Conoce más en www.universidadean.edu.co,"Mar 5, 2024",56,93,0.6044,0,573,5.93
tRXanM_jXkk,Yo vivo mi U I Universidad Ean,"Jan 2, 2025",126,91,2.0818,0,63,7.94
V06EARM0Blg,Brigitte Baptiste en Dia a Día de Caracol TV,"Dec 6, 2024",1133,80,3.0259,0,735,6.67
hCGCX2kaSx0,Conoce nuestro renovado MBA en sus dos modalidades,"Dec 18, 2023",52,78,0.9685,0,38,15.79
ShQFp7sTmZI,En la Universidad del Emprendimiento Sostenible podrás potenciar tus capacidades. 💚,"Mar 5, 2024",9,75,0.0953,0,577,2.43
UVfkTfm4tDo,"Refurbi, la empresa que da una segunda vida a los dispositivos electrónicos","Jun 8, 2023",140,71,1.6682,0,341,12.32
siMxWyATvcY,De estudiante a #Profesor: así se vive la #Calidad en #UniversidadEAN y #QSStars,"Mar 18, 2026",99,63,0.8723,0,981,4.08
Rdvv3XGg9Hk,"""O diseñamos un nuevo planeta o nos extinguimos"": Brigitte Baptiste","Mar 18, 2019",3214,63,9.2629,0,337,8.9
vbImyaJUhoc,¿Casas hechas de desechos? ¡Una realidad!,"Nov 22, 2017",110,61,1.4546,0,39,5.13
_u4JqppqRvM,Este es el mayor SUEÑO deportivo de Fabián | Su historia en la EAN,"Mar 3, 2026",221,61,1.0711,0,766,2.48
8lM9Srf03pc,📍 ¿Cómo cuidar nuestros ecosistemas? 🌍,"Oct 8, 2021",123,60,1.1999,1,210,13.33
9I4Z5M1mZ6w,Panorama del emprendimiento en Colombia,"Apr 19, 2024",829,51,1.0593,0,23,13.04
Cphuc6BC5Nw,La máquina que recompensa por reciclar botellas plásticas,"Jun 7, 2019",97,48,0.6792,0,38,0
-61f7nBiVnM,Puertas Adentro - Capítulo: Vivir con la IA: acompañamiento y uso responsable en casa y el aula,"Feb 27, 2026",3801,45,9.1617,0,435,2.76
AINnmcC8P14,¿Cómo reaccionar ante un robo? Análisis para Citytv,"Oct 2, 2023",349,42,0.7105,0,62,3.23
Q8lRcHP-dVQ,Educación flexible para servidores públicos con la Universidad Ean,"Feb 27, 2026",92,41,0.5474,0,389,2.83
qiXAvujGTRA,¡Conoce nuestro nuevo modelo de educación virtual!,,65,41,0.4396,0,0,
R-WCaU9ytTg,MBA virtual #1 de Colombia,"Apr 2, 2024",32,41,0.4874,0,194,3.61
pCGWe94LDWw,Conoce Plan E+ y lleva tu profesión a su próxima parada,"May 31, 2024",138,37,0.8349,0,28,7.14
Lf1I5PHKkbQ,Universidad Ean será anfitriona de la 14 IPMA Research Conference 2026.,"Oct 23, 2025",100,36,0.5204,1,174,1.72
 -S_KuPpfjc8,#Podcast de Administración: aspectos que marcarán la nueva era empresarial,"Jul 27, 2025",1355,36,2.2431,0,85,8.24
CKgxE8a0uxA,¡Nuestros estudiantes eanistas + SIU!,,93,34,0.5461,0,0,
Vfb0BVVuJSM,¿Conoces las diferencias entre el modelo PAT y la metodología virtual?,"Apr 20, 2020",112,31,0.5369,0,19,10.53
Dl2BBtcH71U,Ean Legacy - Empodérate,"Jan 23, 2021",45,29,0.266,0,46,4.35
IIfKIrvkVcg,¿Cómo ser la única carrera de Mercadeo preparada para el sector real?,"Apr 7, 2025",53,29,0.3659,0,56,10.71
kQ6dufWdCiA,Aprende cómo invertir con el Diplomado Trading e Inversiones de la Universidad Ean,"Nov 21, 2022",52,28,0.3078,0,16,0
01fLZ_i63O4,Universidad Ean  Construyendo futuro con propósito,,901,28,2.7023,0,0,
sXxPhn9cV5U,Función Pública - Inscripción página web,,50,27,0.3433,0,0,
nxnA7KyXN9w,Grados Ean 2025: así celebramos tres días que inspiran al futuro,"Dec 7, 2025",129,27,0.4523,0,426,5.87
YSwfeMUX9pw,Paso a paso para realizar la inscripción a un programa de posgrado en la Ean,"Apr 23, 2024",163,27,0.6095,1,47,0
zMH_QLuszgc,"Conoce nuestra Maestría en Mercadeo Digital, ahora de 3 semestres","Dec 18, 2023",23,27,0.1428,0,27,0
T5WOv6ow9H4,¡Te presentamos Ean Sostenibilidad!,"Apr 17, 2024",220,27,0.9237,0,39,12.82
W0TrEykc3DI,Beneficios de la Alimentación Saludable,"Jul 18, 2014",135,27,0.4138,1,97,4.12
K1gorThoKcQ,Himno oficial de la Universidad Ean,"May 3, 2023",121,26,0.7485,0,63,30.16
XYWZT3Vx3kI,Programa de Intercambio Académico Internacional de Corta Duración - Curso de Inmersión,"Oct 27, 2015",158,26,0.7298,0,5,0
O9XDmyrtj-Q,📍Diferenciales del edificio Ean Legacy,"Apr 14, 2021",192,25,0.3668,0,80,16.25
FMdn9O3xGM4,Brigitte Baptiste en Noticias Caracol: desafíos y retos clave de la COP16,"Oct 22, 2024",198,25,0.4093,0,54,1.85
rrnpieSiDCg,¿Tarde? ¡No! Este Semestre aún puedes estudiar en la #Ean ✅,"Feb 27, 2026",41,25,0.0644,0,306,0.98
lSFnglGdPvc,SuperWow: de una idea cotidiana a un negocio en crecimiento | Conoce más en la U del Emprendimiento,"Mar 31, 2026",88,24,0.1509,0,51,1.96
U8eupRCfOFw,Aprende cómo invertir con el Diplomado Trading e Inversiones en la Universidad Ean,"Nov 21, 2022",62,24,0.3061,0,22,4.55
 -V0eZoRl3KQ,"Así se siente estar aquí en #EanOrinoquia, Puerto Carreño 💚","Feb 19, 2026",368,24,1.0523,0,285,4.21
uUULhs1x-KY,"Tu aventura en la U comienza con FUN MATHS , Aprende, juega y conquista las matemáticas.",,127,24,0.4176,1,0,
whVk845VqmI,Conoce todo lo que te ofrece la Maestría en Ciencia de Datos de la Ean 💚,"Nov 18, 2025",43,23,0.0933,0,175,2.29
Q8qlPL_R1-A,¿Aún no sabes qué es Cradle to Cradle®?,"Nov 2, 2017",81,23,0.3973,0,96,9.38
bSXhEFp0xzc,Conoce nuestra nueva carrera en Administración en Salud,"Jan 15, 2024",54,21,0.2643,0,17,11.76
Hk1lESFzKbA,¿Qué significa la intervención a una EPS?,"Apr 4, 2024",998,21,0.9063,0,53,11.32
DvkyCTgzifY,Onbase: Certificados relámpago 🌩️,,103,21,0.2366,0,0,
WvBpTeaFP7M,De la #UniversidadEAN a #Turquía ✈️,"Feb 11, 2026",125,20,0.1132,0,91,8.79
Le8igieHYg4,No pares en el pregrado: #proyectate al siguiente nivel 💚,"Feb 24, 2026",42,20,0.0435,0,165,1.82
DCkGPbAOpwA,Conferencia de Emprendimiento con Mario Hernández,"Mar 1, 2013",3700,20,5.7592,1,424,3.3
2Exlyo1UTa4,Experiencia en nuestro Laboratorio de Realidad Virtual,"Apr 8, 2022",165,19,0.3066,1,130,3.85
MBtoPvgNsfM,Estudia Ingeniería en Ciencia de Datos en la Universidad del Emprendimiento Sostenible. 🌎📈,"Mar 5, 2024",61,19,0.0695,0,103,2.91
cG35F8OwjOw,Maestría en Mercadeo Digital,"Apr 2, 2024",50,19,0.1256,0,269,0.74
goM27E3ixDE,¡Los #GradosEan2025 ya están acá!,"Nov 24, 2025",31,18,0.0685,0,120,2.5
gw_KvYuQRsY,Convierte tu pasión por la cultura con el programa en Gestión Cultural en Universidad Ean.,"Feb 19, 2026",76,18,0.1295,0,157,2.55
aKLZVN-5Kp8,EANista: realiza tu proceso de matrícula ahora desde SAP,"Nov 14, 2017",566,18,0.6077,0,47,21.28
y8gMHsu8U9I,"¿Pensando en un MBA en el exterior? Crece profesionalmente sin ir tan lejos, en la Universidad Ean.","Feb 18, 2026",90,18,0.0979,0,127,0
owUJQhEn7Pk,Especialización Fintech en la Universidad Ean,"Apr 2, 2024",59,17,0.1325,0,137,1.46
Lh4fOu7ijN0,"NEU Energy, el primer comercializador de energía digital en Colombia","Aug 24, 2023",148,17,0.2392,0,14,7.14
pU8JQHsfS1A,"Trabajó, estudió y no se rindió: esta es la historia de Jonathan, hoy profesional en Economía","Feb 19, 2026",105,17,0.0641,0,206,1.46
BhFoTpsfCN0,5 tips para escoger tu posgrado,"Nov 22, 2022",138,17,0.3284,0,104,3.85
edrmw7kPOew,4Prot: una experiencia con la realidad virtual,"Apr 26, 2022",345,16,0.5339,0,160,1.88
mr5xK3AhEKg,"Ean Legacy, más que un referente de construcción sostenible","Apr 1, 2019",93,16,0.2063,0,25,12
UVc0p107oE4,¡Impulsa tus habilidades y llega más lejos! Somos Educación Continua de la U Ean,"Mar 21, 2024",64,16,0.1705,0,26,0
Gnv5Ntyux6Q,Razones para estudiar la Maestría en Ciencia de Datos en la #UniversidadEan,"Nov 18, 2025",44,16,0.1612,0,152,5.92
M1CGs4Arlis,Bienvenidas Eanistas 2026-1 | Revive la experiencia Ean e inscríbete en el Ciclo II,"Feb 9, 2026",153,16,0.4417,0,247,5.67
LRJShEI8CW8,¿En qué caneca va eso? ABC de la separación de residuos,"Dec 19, 2023",246,15,0.5835,0,13,0
YC_BErgQOhI,Transiciones socioecológicas: Urbanismo y Sostenibilidad en Bogotá (español),"Mar 22, 2024",11415,15,0.2306,0,33,12.12
VxQL4wiXkfY,NeuroLab Ean,"Apr 2, 2024",51,15,0.1382,0,156,1.28
S9GKmpIvKeI,Brigitte Baptiste y sus retos en la Universidad Ean / Guía Académica,"Oct 29, 2019",721,15,0.4604,0,194,5.67
 -f7W27iVkBA,Tu MBA empieza aquí. Descubre lo que la Universidad Ean tiene para ti.💚,"Feb 19, 2026",102,15,0.2435,0,210,5.24
aynGFTAs2RQ,¡Despedimos el 2025! Gracias a toda nuestra comunidad #Eanista 💚,"Dec 4, 2025",67,15,0.1425,0,154,6.49
inSaViuBcj0,"Moviid, una empresa que promueve la independencia de las personas con discapacidad","Dec 1, 2023",145,15,0.3695,0,9,0
zpSHw-rkl5s,Así celebramos los #GradosEan2025,"Nov 24, 2025",22,14,0.0312,0,82,4.88
6JAr_q-t9UE,"¿Pensando en un MBA en el exterior? Crece profesionalmente sin ir tan lejos, en la Universidad Ean.","Feb 19, 2026",90,14,0.1893,0,186,5.38
Gr2bChGso_M,Becas del 50% OFF para estudiar Ingeniería en 2026 en la #Ean,"Nov 24, 2025",48,14,0.0576,0,76,1.32
KIwB-QV1mn0,¡Así de fácil funciona la máquina de autopréstamo de la Biblioteca!,"May 25, 2023",80,14,0.145,0,18,5.56
sStUZOSEJ-o,Día del Contador: mensaje de Diego Matituy,"Mar 1, 2019",29,14,0.022,0,156,1.28
gY1jKuSFUzg,Así transforma la Universidad Ean su campus con movilidad eléctrica,"Aug 4, 2025",144,13,0.2626,0,105,1.9
cnMTsH_y940,Firmamos una alianza con Open AI para transformar el aprendizaje en Colombia.,"Aug 26, 2025",56,13,0.1689,0,73,0
IiGxPbxwnxU,No es casualidad. Algo grande viene en la Ean,"Jan 6, 2026",29,13,0.0645,0,104,0.96
FuL8Uoq2D5M,Charla de Liderazgo: Human Management - Paula Amado,"Jul 8, 2025",2113,12,2.2761,0,105,4.76
TImEz0Au6Ak,"Ingeniería Salvaje: el podcast donde la ingeniería, el emprendimiento y las ideas se encuentran","Jun 10, 2025",1702,12,1.518,0,71,1.41
55g96p6B4l8,¡Brigitte Baptiste celebra un año como rectora de la Universidad Ean!,"Sep 11, 2020",95,12,0.1155,0,40,12.5
28l2B7ZdhHo,Paso a paso para realizar la inscripción a un programa de pregrado en la Ean,"Apr 11, 2024",163,12,0.175,0,39,2.56
DLiO6Wf0ewo,#PEI en 60s: la brújula de la #universidadean,,102,12,0.1989,0,2,0
zy5PjMYcc7w,Conoce nuestra nueva Especialización en Gestión del Aprendizaje Digital,"Dec 18, 2023",37,12,0.1031,0,24,0
KgGIzpyBoOA,Las islas no solo son destino: son talento y futuro con la #Ean 💚,"Feb 10, 2026",52,11,0.0543,0,102,2.94
K11lFJK-r-w,"Universidad Ean, referente de educación virtual en Colombia","Jun 19, 2024",218,11,0.2254,0,162,5.56
VdqmFdMBzzs,Conoce nuestra nueva Especialización en Psicología Educativa,"Dec 18, 2023",52,11,0.1137,0,18,0
elILiAakjVg,Beneficios de utilizar paneles solares,"Mar 11, 2024",175,11,0.2217,1,14,0
MVanakGbfxY,Confianza y educación financiera para estudiantes de la Ean con #FogafínEnLaU,"Sep 3, 2025",47,11,0.0282,0,56,0
bulUyKwIlp4,Plan Premium EanX,"Jun 12, 2024",80,11,0.2015,0,222,1.35
GKzWWV6XESM,¿Cómo configurar audio en Second Life?,"Jul 13, 2016",193,10,0.2084,0,34,8.82
DB4wQ_a3xQM,Experiencia internacional en el norte de Europa,"Jul 28, 2017",214,10,0.2961,0,9,0
W73Yd1Zpc48,La nueva apuesta de la Universidad Ean: Escuela de Arte y Diseño Sostenible,"Mar 18, 2024",142,10,0.2575,0,35,2.86
XaZJ41o56Cg,"Edificio EAN Legacy, un proyecto único en Latinoamérica","Sep 19, 2017",121,10,0.0652,0,90,8.89
xpqVFzmGyLU,Tu futuro en marketing empieza aquí en la #Ean 💚,"Dec 11, 2025",54,10,0.0298,0,44,4.55
ET7I9W1MDSY,Paso a paso de los requisitos de admisión en la Universidad Ean,"Apr 11, 2024",76,10,0.0908,0,35,0
ximjWEDwJ5I,¿Los ingenieros tienen lo que se necesita para ser grandes emprendedores?,"Aug 16, 2018",121,10,0.1748,0,132,3.79
AIl8a7_rDX4,"¡Brigitte Baptiste te da la bienvenida al edificio Ean Legacy, nuestra nueva sede!","Jan 18, 2021",173,10,0.1785,0,89,7.87
nnCxitY2Rww,#PodcastEan | Del aula a la empresa: Experiencias cruzadas de dos practicantes,"Oct 31, 2025",1826,10,2.211,0,157,1.91
Nuidq535iCI,Universidad EAN,"Oct 29, 2015",66,10,0.0817,0,113,6.19
SPo8oO9eNRE,Conoce cómo la Universidad Ean se preparó con el Entorno Híbrido,"Jul 26, 2021",38,9,0.0826,0,50,2
IDRBtbn9bO4,"Competencia, crisis e innovación: la fórmula de Cinépolis | Visión Global Podcast","Sep 13, 2025",883,9,0.2283,0,70,2.86
0I86AFdhu30,Cuánto vale el sostenimiento de un hijo en Colombia,"May 12, 2023",974,9,0.5594,0,31,6.45
tlfQ8FwM9Lw,¿Por qué la fachada del Ean Legacy es única en el mundo?,"Oct 29, 2020",91,9,0.1395,0,27,22.22
SxoxDz6ii4c,Grados Eanistas 2025-1,"Jun 3, 2025",92,9,0.1259,0,124,5.65
s4aEKv96Pjs,¿Qué es Asperger? Un análisis desde la academia,"Sep 8, 2023",990,9,0.6083,0,19,5.26
h8EvSbM0PsU,"Foro: El Río Bogotá y la escasez de agua, ¿dos caras del mismo problema?","May 15, 2024",14630,9,1.29,0,157,1.91
we4ijtCDrOs,14 estudiantes de coreanos aprendieron español recorriendo Bogotá y viviendo el idioma en la Ean,"Jan 29, 2026",103,9,0.1163,0,47,6.38
k4qc1lwmwLk,"¡Conoce a Chontacones, un 'snack' de chontaduro con sello eanista!","Nov 15, 2019",290,8,0.3479,0,25,8
RZdQRFZdG6A,Colombia es sabor y color: así nos ven los extranjeros,"Jan 25, 2019",199,8,0.0657,0,96,6.25
1yATLyrB9KM,Doctorado en Gerencia de Proyectos,"Aug 10, 2015",147,8,0.1643,0,40,15
Zlve1kZYsrs,Beneficios tributarios para Pymes,"Oct 4, 2023",313,8,0.1577,0,28,7.14
ltoA4Wt7tQk,El mercado cambió: actualízate con #MicrocredencialesIA y #UniversidadEAN,"Jan 27, 2026",51,8,0.0317,0,85,2.35
k8apFMisL5g,"Conoce más nuestros programas de la Facultad de Administración, Finanzas y Ciencias Económicas","Apr 2, 2024",3173,8,5.3769,0,39,2.56
3ZVS5bTKh5s,Estudiantes construyen deshidratador solar,"Nov 23, 2022",139,8,0.1153,0,108,3.7
9CQ4WxPo0yw,Comercial #Empodérate de la Universidad Ean,"Oct 21, 2018",64,8,0.0617,0,98,1.02
QIU-5BfjUG0,"¡Conoce a Paula Perotti, nueva Gerente General de nuestra U.! 💚","Jul 27, 2022",131,8,0.0924,0,13,0
4djapgchlpA,Fernando Anzures visitará la Universidad Ean,"Feb 25, 2019",44,8,0.0107,0,66,1.52
 -Jk5mbbffTU,¿Qué herramientas tenemos para el Entorno Híbrido de Aprendizaje?,"Aug 10, 2021",160,8,0.201,0,9,11.11
noM2C0ItWrI,Egresada de Ingeniería de producción nos cuenta su experiencia,"Sep 23, 2016",190,7,0.1717,1,100,6
Gga8bsLk7I0,La idea que impacta a productores rurales a través de modelos de conocimiento,"Nov 8, 2023",173,7,0.2167,0,9,0
mopTuZ3csEc,💡 ¡Trae tu idea de negocio al Instituto para el Emprendimiento Sostenible!,"Oct 29, 2021",68,7,0.0716,0,14,0
po2irNNMmhg,El estilo lo pone la #TiendaEan 🛒,"Feb 7, 2026",19,7,0.0119,0,119,2.52
LyR95n203JU,Carrera en Lenguas Modernas | SNIES: 4948 - 90320 | Vigilada Mineducación,"Oct 21, 2019",15,7,0.0267,0,49,12.24
QbHVSDOvQS0,"Torna, el emprendimiento que transforma los residuos contaminantes en productos de aseo","Dec 29, 2023",166,7,0.171,0,21,0
vVvGbnIVd6A,¿Cómo renovar el préstamo de libros en Biblioteca? / Tutorial,"Jun 25, 2019",114,7,0.0463,0,48,4.17
vq9dvC9-SpM,Ean Legacy,"Jan 7, 2021",34,7,0.0424,0,23,0
r2IfMZyN6c4,¡Así serán los nuevos espacios del Ean Legacy!,"Dec 17, 2019",61,7,0.058,0,38,7.89
uWXtigU4nKo,La tecnología limpia que busca usar el poder del emprendimiento,"Jul 21, 2023",188,7,0.2019,0,7,0
dl4PACOG-4Q,Maestría en Comercio Electrónico vs Maestría en Mercadeo Digital,"Apr 2, 2024",67,7,0.114,0,130,0.77
uzv19OOQas8,Para Gigliola Aycardi la educación ha sido clave para liderar e innovar en Bodytech,"Jul 9, 2025",33,7,0.0198,0,49,4.08
W_hig9OI_LM,¿Ya conoces a tu mejor aliado en tu aventura universitaria?,,114,6,0.1736,0,0,
bmn8eZNh-3w,Programa de Intercambio Académico Internacional de Corta Duración - Misión Académica,"Oct 27, 2015",214,6,0.142,0,5,0
2OI-GyPDAuY,Estudiar en #EanVirtual sí te prepara para el mundo real 🌎,"Nov 5, 2025",63,6,0.0133,0,86,1.16
goNeFmG4a0M,Mientras tú no estabas: El Altavoz (junio de 2024),"Jul 19, 2024",190,6,0.0317,0,53,5.66
tJuGvOWFOFQ,¿Sabías que en Colombia se construye un hito de construcción sostenible?,"Jul 28, 2017",108,6,0.1147,0,18,22.22
VnJ5FJe1bQg,¿Cómo realizar tu proceso de inscripción de unidades de estudio?,"May 30, 2019",78,6,0.1393,0,1,0
KKUagt5-H1I,¿Por qué estudiar una Ingeniería con la Universidad EAN?,"Aug 11, 2015",321,6,0.3235,0,45,8.89
5XAGBw6Ouww,¡El Altavoz en 60 segundos! Edición abril de 2023,"May 30, 2023",81,6,0.0455,0,26,11.54
h2elOiYM4D0,La Universidad Ean desarrolla un perro robot para ayudar a personas en condición de discapacidad,"Aug 17, 2023",367,6,0.1357,0,8,25
iah1WO4bCcI,Pasa de lo técnico al liderazgo con el MBA en Ingeniería de la Universidad Ean.,"Feb 18, 2026",55,6,0.0076,0,66,1.52
sJBRcepUA9E,¿Cómo revisar tus calificaciones en SAP?. Ver tutorial,"Aug 28, 2017",92,6,0.0863,0,22,18.18
AF682yi3SC0,Universidad Ean ofrece alternativas para hacerle frente a la baja de matrículas en universidades,"Jun 26, 2023",522,6,0.3228,0,61,9.84
pWrk3tTZWMc,EANista de pregrado virtual y presencial: conoce cómo generar tu recibo de pago,"Dec 14, 2017",243,6,0.109,0,31,3.23
fVGqzMYhtB0,Entrevista EAN con Gigliola Aycardi,"Jun 6, 2018",131,6,0.0642,0,21,4.76
HaM-B5aEL9o,Un concepto que hará volar tu mente: Emprendimiento Sostenible,"Apr 24, 2018",99,6,0.0565,0,42,7.14
EorJPwYQJyE,¡El Altavoz en 60 segundos! Edición julio y agosto de 2023,"Oct 4, 2023",89,6,0.0465,0,42,9.52
pwd7XYOVSQU,Neuromarketing: la estrategia de Disney para facturar,"Aug 29, 2019",95,6,0.0962,0,55,7.27
8imHw23ojhY,Conoce el Sistema Interno de Aseguramiento de la Calidad de la Ean,,289,6,0.2043,0,0,
p7gg4Hq1IrQ,Maestría en Mercadeo Digital,"Apr 2, 2024",67,6,0.1111,0,34,0
yWrSCY4SfQw,"Domina idiomas, conecta culturas y crea impacto global con nuestro programa en Lenguas Modernas","Dec 27, 2025",38,6,0.0359,0,43,2.33
K22shfmC7P8,Laboratorios | Ingeniería | Universidad EAN,"Apr 10, 2018",218,5,0.2074,0,25,12
RaRCN-tHWuc,"#PodcastEan | Emprender con Éxito: entrevista con Leonardo Gaitán, CEO de Autoparti","Aug 20, 2025",1688,5,1.487,0,98,1.02
DkTC2T7ft_8,Psicopedagogía y psicosocial,,71,5,0.0333,0,0,
7e3AGZOlml0,Lidera con propósito: el #MBA que transforma tu futuro 💪,"Nov 14, 2025",41,5,0.0121,0,32,3.13
DUin1amf6PY,¡Tengamos buenas prácticas digitales en casa!,"Aug 12, 2020",86,5,0.0586,0,26,3.85
9y66kS8F5Pk,Doctorado en Gestión,"Aug 10, 2015",127,5,0.0752,0,21,14.29
jiVRIckCOus,"La nueva ingeniería es creativa, consciente y con impacto real. Conoce más en nuestro podcast.","Jun 17, 2025",23,5,0.0139,0,61,1.64
V5bRzXIxhiI,El agua de Bogotá es potable,"May 7, 2024",270,5,0.121,0,38,10.53
IqNV_wwjUL0,Estrategias de ventas de útiles escolares en tiendas de barrio,"Feb 6, 2024",724,5,0.2384,0,15,0
VlpgnaZ5LKo,"Con Ean virtual, encuentra ese espacio de equilibrio entre tu vida y #EstudiarParaCrear.","Jul 23, 2025",45,5,0.0613,0,69,4.35
OtoPKEtP-Tc,1.1 Conoce al doctor Fred Luskin y por qué empezó a estudiar el perdón | #EanX,,679,5,0.3908,0,1,0
CU7C_OHfcDQ,Conoce los cambios en el cumplimiento de créditos de lenguas extranjeras,"Jan 31, 2024",37,5,0.0503,0,18,0
jkqiXoEi--4,Conoce nuestra nueva Maestría en Comercio Electrónico,"Dec 18, 2023",38,5,0.0373,0,36,0
3dlaiENCluE,Artritis reumatoide en Colombia,"Sep 7, 2023",259,5,0.1639,0,51,3.92
4XDnKO-C-ok,¡Ojo! Esto es lo que pasa si tiras el chicle a la calle,"Feb 10, 2021",99,5,0.0658,0,22,18.18
1Sf5TUyL2l8,¡El Altavoz en 60 Segundos! Edición septiembre y octubre de 2023,"Dec 11, 2023",84,5,0.0883,0,38,10.53
wpiWwAoa2zQ,Ean Legacy,"Jan 6, 2021",31,5,0.0313,0,39,5.13
Q4VFP9fDa9I,"No es viajar, es jugar en ligas globales, con la U Ean 👊","Dec 16, 2025",57,5,0.0116,0,21,4.76
F-WukAMBFWM,Domina la IA y toma el control de tu futuro,"Jun 25, 2024",124,5,0.0362,0,28,3.57
nQUU7Qn2VEk,Somos la U. de #5EstrellasEan a nivel mundial 🌍 por #QSStars 🌟,,46,5,0.032,0,0,
Te8H2QAuRE8,"El arte no solo expresa, también transforma ✨","Oct 5, 2025",30,5,0.0219,0,25,8
aOgqKJM_LV4,Universidad Ean presente en el Congreso de la Bogotaneidad 2025,"Oct 22, 2025",40,5,0.0106,0,42,0
Ac0FeqhyjfA,Panorama de la educación virtual en Colombia,"Jun 17, 2024",136,5,0.0554,0,38,0
62f3duRHm80,¿Cómo gestionar correctamente los residuos sólidos? #SemanaDeLaSostenibilidad,"Jun 1, 2022",220,5,0.0179,0,11,0
cSekHZEl6S4,Maestría en Proyectos de Desarrollo Sostenible Metodología Virtual,"Aug 11, 2015",94,5,0.0605,0,38,7.89
JKmuVkYrymc,"La ingeniería creativa, innovadora y emprendedora transforma todo. Descúbrelo en nuestro podcast.","Jun 18, 2025",26,5,0.0268,0,102,1.96
tLZl9lu-q_8,Oportunidades de Internacionalización para estudiantes virtuales,"May 3, 2023",120,5,0.0844,0,63,6.35
uOVZZxbn4Hw,"Nos morimos sin abejas, ¿lo sabías? / Semana","Oct 31, 2017",102,5,0.0972,0,13,7.69
MFD4v7x11mU,EANista de metodología virtual: realiza tu proceso de matrícula ahora desde SAP,"Nov 16, 2017",493,5,0.1162,0,32,6.25
OYK-cZbLmt4,Escuela de padres Ean - capítulo 1 | Mitos y realidades sobre la influencia de las redes en la niñez,"Dec 5, 2025",4350,5,0.4651,0,155,2.58
oTZ-0DCKopQ,Nuestro Bosque Ean,"Feb 9, 2024",106,5,0.1459,0,18,0
zZ07Ku9xEi8,¡Inicia tu carrera en 2025 con la Universidad Ean!,"Dec 10, 2024",189,5,0.1095,0,69,1.45
yhYV0OCoGmo,Conoce las novedades del modelo Ean Virtual 2.0,,177,5,0.1214,0,0,
-4naLp1coRM,Conoce el Campus virtual de la Universidad EAN en Second Life,"Aug 16, 2017",223,5,0.1305,0,39,2.56
plaEdtbZR9g,6 opciones que te ofrece la Universidad Ean para realizar el trabajo de grado en tu Maestría,"Feb 26, 2024",108,5,0.0909,0,15,13.33
onJgWK6E-rM,Racionamiento de agua en Bogotá,"Apr 8, 2024",45,5,0.0198,0,20,0
Q4E78oZov1M,Bernardo Kliksberg en la Universidad EAN - Ética para empresarios,"Oct 13, 2016",515,4,0.0569,0,52,3.85
3eemB_wd1bU,"Estudia para transformar realidades, no solo para traducirlas","Jul 2, 2025",1705,4,1.0599,0,74,2.7
YgssodXqqkI,Conoce la historia de uno de los fundadores de la Universidad Ean,"Jan 24, 2019",204,4,0.0701,0,46,6.52
CSY5x5YqLJ4,"La Navidad llegó a la Ean. Un tiempo para  compartir y celebrar juntos.¡Felices fiestas, Eanista!","Dec 6, 2025",48,4,0.0005,0,18,0
Z9wLeg4RTKg,"Somos eanistas y, obvio, ¡tenemos cosas por contar! El Altavoz: mayo 2024","Jun 14, 2024",193,4,0.028,0,58,5.17
58fenEfeuXo,#OrgulloEanista es tener #5EstrellasEan de rating #QSStars 🌟💚,,99,4,0.0287,0,0,
qmgf2jAlxyY,"¿Cómo encontrar Ebooks de MacGraw Hill, Cengage y Pearson?","Aug 14, 2019",279,4,0.1192,0,1,0
_mvDxje-bd4,¿Uso de tapabocas obligatorio por nueva variante de Covid-19?,"Jan 17, 2024",1910,4,0.0457,0,13,7.69
lLXdEBqcolM,Ean Campuslands Bogotá,"Jul 12, 2024",463,4,0.0656,0,30,0
tvSnZB5uB0Q,¿Cómo prevenir el consumo de fentanilo?,"Sep 27, 2023",2011,4,1.1222,0,42,4.76
5r-PqYRzP2Y,"La apropiación cultural en la moda, ¿qué es?","Jul 31, 2018",114,4,0.1459,0,21,19.05
AwldBjt4T4c,Tres mitos sobre sobre las estrategias de marketing y publicidad en internet,"Jun 28, 2019",65,4,0.0551,0,25,0
vePOtoq4Cc8,Bisvita Basura Cero,"Apr 9, 2024",97,4,0.0906,0,21,9.52
fXYrdXOW-i0,Beneficios y ventajas de la convalidación de títulos,"Aug 25, 2023",297,4,0.1924,0,31,0
tlXZEFTAxJs,Invierte tu prima en tu futuro. Cursos y diplomados que impulsan tu perfil profesional con la Ean.,"Dec 22, 2025",30,4,0.0081,0,22,4.55
7x3a1bY16k0,#PodcastEan | El arte como estrategia: la historia de Nathalia Velasco y Simone,"Sep 24, 2025",1615,4,1.362,0,91,1.1
rpBo1R7SZNM,"José Alba, nuevo Decano de la Facultad de Administración, Finanzas y Ciencias Económicas de la Ean","Nov 28, 2023",137,4,0.0947,0,13,15.38
E3qfnns1uq8,Programa de Intercambio Académico Internacional de Largo Plazo para estudiantes extranjeros.,"Oct 27, 2015",110,4,0.1027,0,24,4.17
rNKgyRIy9F8,Mitos y verdades de la ingeniería en la era de las IA,"Aug 4, 2025",1400,4,0.7912,0,78,0
1aZ2e1R5Upo,Te decimos cómo interpretar los resultados de tus pruebas Icfes Saber 11°,"Oct 18, 2019",49,4,0.0302,0,23,0
0OB1GHmy2EU,Arquitecto del edificio #EANLegacy nos cuenta su inspiración.,"Sep 29, 2017",56,4,0.0267,0,16,18.75
3FPBB7DqE-w,"Vive la Semana E 2025 en la Universidad Ean | Talleres, hackatones y networking","Oct 2, 2025",100,4,0.0283,0,82,1.22
hat7gWOde-8,"Conferencia:  Educación Virtual, clave para el desarrollo integral","Sep 16, 2015",2237,4,0.043,0,5,0
5wl_UsiPUc8,Especialización en Gerencia de Proyectos | SNIES: 54013 - 106465 | Vigilada Mineducación,"Jan 14, 2020",15,4,0.0147,0,38,10.53
FnxNCvASXco,"Una historia real de #UEAN: crecer, volver y construir conocimiento. + #QSStars 🌟💚","Jan 24, 2026",98,4,0.0058,0,60,0
hBJVPHx0NkQ,Análisis internacional sobre los desafíos actuales de los sistemas de salud | Universidad Ean,"Jan 5, 2026",2445,4,1.3981,0,122,1.64
7ZQ_QFQ2O6E,Historias que inspiran: Conceptos Plásticos. #EANistasCambiandoVidas,"Aug 1, 2017",30,4,0.0497,0,21,0
xVqnaHVflI8,¿Cómo hacer búsquedas básicas en Ebook Central?,,421,4,0.1174,0,0,
7iwJ-nGIaBk,¡Conoce nuestra nueva aula virtual: Canvas!,"Jan 9, 2020",48,4,0.0341,0,14,7.14
4zXF1XIm0R0,¡Aprende cómo cuidar la capa de ozono!,"Sep 24, 2020",103,4,0.0624,0,9,11.11
cWo5CFhNCAU,Lidera y emprende con el programa en Administración de Empresas,"Dec 30, 2025",46,4,0.0105,0,31,6.45
A-LeiNxckxg,"Meet Sophie Morley, the new Fulbright assistant at Universidad Ean",,60,3,0.0219,0,0,
B_hN43iu7wQ,Ceremonias de Graduación de Grado 2018 | Universidad EAN,"Oct 24, 2018",48,3,0.0155,0,10,20
 -X0i06xNUmc,Somos 5 Estrellas a nivel mundial 🌍🌟#QSStars #Ean,"Jan 20, 2026",46,3,0.0085,0,40,2.5
0bb9sc6_Brg,'Detalles que Enamoran' con David Gómez,"Feb 2, 2018",27,3,0.0222,0,60,1.67
CPX85oQS-Yo,Maestría en Ingeniería de Procesos Metodología Presencial,"Aug 11, 2015",116,3,0.0407,0,18,16.67
Coik77aidW8,Conoce a la Universidad EAN,"Apr 27, 2017",123,3,0.0883,0,126,2.38
7I9TSr6HUnI,¡El Altavoz en 60 segundos! Edición marzo de 2023,"Apr 18, 2023",87,3,0.0174,0,24,8.33
ZiS5rscNHA0,Así puedes identificar a los VENDEHÚMOS FINANCIEROS | 🎧 Podcast U. Ean,"Sep 8, 2025",3354,3,1.8745,0,153,0.65
sxJdIxfYQHw,Conviértete en experto en Machine Learning y transforma datos en decisiones,"Jan 3, 2026",52,3,0.0034,0,35,2.86
6Bop26zwz0U,El mundo según Brigitte,"Dec 14, 2023",444,3,0.2501,0,30,0
PU_lgVAXVAU,"¿Qué programas virtuales ofrece la Universidad EAN, y cuál es su validez y legalidad?","Jul 30, 2012",144,3,0.0446,0,25,8
33DnBvX655A,¿Dormir para aprender mejor? 😱,"Sep 9, 2021",70,3,0.0238,0,7,0
YIG5APfhjlk,Maestría en Administración de Empresas MBA Metodología Virtual,"Aug 10, 2015",135,3,0.0671,0,39,7.69
0JHn1OeP12Y,¿Cómo buscar en SAGE Journals?,,272,3,0.0801,0,0,
zgijcTLck44,Bernardo Kliksberg en la Universidad EAN - Ética para empresarios II,"Oct 13, 2016",376,3,0.0041,0,13,0
buDjyudPDyI,Maestría en Gestión de Proyectos Metodología Presencial,"Aug 10, 2015",117,3,0.053,0,41,7.32
woLftFF1cnU,"Transforma datos en decisiones. Con la #MaestríaEnCienciaDeDatos desarrollas #mlops , #iagenerativa","Dec 23, 2025",43,3,0.0083,0,16,6.25
kvty5H9OZYU,Turismo Sostenible,"Jul 3, 2024",8481,3,0.0121,0,68,2.94
QhEkWGLeMdY,"Shelly- Ann Mohammed, de ACCA, visitó la Universidad Ean","Nov 11, 2022",191,3,0.1152,0,11,0
1w0n2is37Qc,"¡Disfruta GRATIS el curso 'Aprender a Perdonar', con Fred Luskin!","Jul 1, 2021",40,3,0.0292,0,27,3.7
LcAX_5zPwDA,Especialización en Gerencia de Proyectos | SNIES: 54013 - 106465 | Vigilada Mineducación,"Oct 23, 2019",14,3,0.0105,0,19,10.53
vQWjBVuy6G0,Ean International,"May 3, 2023",187,3,0.0209,0,307,0.98
uK9ue71IuoI,¿Cómo descargar tus certificaciones académicas en EXMA 2019?,"May 28, 2019",54,3,0.0141,0,13,23.08
W9Emx7FD638,Conviértete en estratega digital con una maestría enfocada en resultados,"Dec 13, 2025",54,3,0.0054,0,28,3.57
Mi5xbJ1MY6w,"Las noticias, las historias y los protagonistas en El Altavoz - Edición febrero 2024","Mar 22, 2024",115,3,0.0571,0,45,6.67
40cQZ-_3TE4,Cómo Rusia y Colombia dialogan hoy en tecnología y cooperación económica,"Jan 19, 2026",1559,3,0.4125,0,133,1.5
LEPS6L-pHFc,Programa doble grado con SIU,"Dec 2, 2021",109,3,0.0067,0,9,0
y9P4fVBqPF8,Maestría en Administración de Empresas de Salud | SNIES: 102894 | Vigilada Mineducación,"Oct 23, 2019",15,3,0.0086,0,24,12.5
dwTcWpG7n3U,"Turismo Sostenible: Menos postales, más experiencia real y conexión con las comunidades","Feb 2, 2026",51,3,0.0041,0,40,0
QO0kmC9CwC0,Panorama de la subredes de salud en Bogotá,"Aug 2, 2024",148,3,0.0536,0,42,4.76
f1kZprX7fNs,¿Cómo renovar el préstamo de libros en Biblioteca? / Tutorial,"Feb 15, 2019",135,3,0.038,0,57,5.26
ADEXrvZRyWU,Doctorado en Ingeniería de Procesos,"Aug 10, 2015",122,3,0.0667,0,22,13.64
cMu41AopX8w,"Arquitecto del nuevo edificio de la U, nos cuenta qué es #EANLegacy.","Sep 29, 2017",66,3,0.0403,0,13,0
RzBVp2Q7wuE,The Business Idea that Gave Birth to the Universidad Ean,"Sep 6, 2022",243,3,0.0889,0,52,1.92
nVAC4PKYilY,Carrera en Ingeniería en Energías | SNIES: 103103 | Vigilada Mineducación,"Oct 21, 2019",15,3,0.008,0,20,10
TwLzlEw1nGo,"¡Ellos son nuestros Graduados de la Ean, con nuestra alianza Corpadein!",,98,3,0.0656,0,0,
mZKJNJioHlE,Todos deberíamos tener espíritu emprendedor.,"May 31, 2018",92,3,0.0072,0,11,9.09
N9We1NTdPdY,"¡Conoce el Invernadero Ean, 🌳 un laboratorio vivo!","Nov 10, 2021",126,3,0.0161,0,16,12.5
AdiboM51A3k,Nuestro #EanLegacy y sede El Nogal en 360°,"Mar 9, 2020",31,3,0.0193,0,20,5
XGiHQiFJHOU,"✨ Primer día de la #SemanaE: inspiración, conexión y bienestar ✨","Oct 9, 2025",48,3,0.0135,0,21,4.76
6J3lGBiuMwM,"""Cambiar de lentes antes que cambiar de clientes"": Fernando Anzures","Mar 18, 2019",5755,3,0.0783,0,80,2.5
u0rjHgyJ7ww,En pocos días abriremos contigo un regalo que preparamos con orgullo. El 13 de enero lo conocerás. 📅,"Jan 2, 2026",20,3,0.0057,0,24,0
RM1R-jg8ZqM,Jornadas de inducción,"May 3, 2023",86,3,0.0237,0,82,3.66
gdlHEQyVVW0,Conoce la Esp. en Gerencia en Ciberseguridad de la Universidad Ean,"Jul 3, 2024",72,3,0.0461,0,28,0
yDsabmAADCY,Maestría en Gestión de la Educación Virtual Metodología Virtual,"Aug 10, 2015",145,3,0.0969,0,5,20
YFYkmfTuEyM,El cierre de año se viene con todo 🎾,"Oct 20, 2025",25,3,0.008,0,27,0
FBYtr17obZ4,Paola Acevedo es la nueva directora del Programa de Ingeniería Química,"Sep 25, 2023",100,3,0.039,0,28,0
AKtmjHpsobY,¡Una experiencia mágica! Así vivieron 5 eanistas su práctica profesional en Disney,"Apr 7, 2020",239,3,0.1837,0,22,9.09
myn2GyklqbI,"¡Eanista, Brigitte Baptiste te invita a disfrutar Ean X!","Feb 17, 2021",50,3,0.0248,0,36,2.78
FrV3QIODdBQ,¡Conoce todos nuestros programas!,"Nov 8, 2019",44,2,0.0157,0,16,12.5
2ijQ8hLNRas,Estudiantes EANISTAS desde Francia,"May 28, 2012",205,2,0.0136,0,14,7.14
gAUpGfjmZvg,Beneficios de cursar doble programa en la Universidad Ean,"Dec 17, 2018",71,2,0.0231,0,6,33.33
3eJ6amg_z6Q,El emprendedor que recorre el mundo llevando luz a comunidades vulnerables / Semana,"Nov 15, 2017",121,2,0.0209,0,11,0
s-qUTEnzJGU,La historia de la Universidad Ean: 53 años de éxitos,"Oct 27, 2020",89,2,0.0023,0,20,10
5d9iMPqVfeI,#Cátedras 2019: Impacto del régimen contable en las organizaciones,"Dec 7, 2018",7015,2,0.0193,0,10,0
Tn73Q4wHMnk,"No queremos exalumnos, queremos graduados que sigan creciendo con nosotros","Jul 18, 2025",692,2,0.2736,0,49,2.04
 -u11KwDO4no,¿Cómo hacer búsquedas avanzadas en la base de datos Harvard Deusto?,"Nov 6, 2019",179,2,0.0065,0,0,
JQdHL6u_QiA,Conoce los costos de no innovar,"May 3, 2019",89,2,0.006,0,55,3.64
0eGC7yDgwXo,Reflexiones sobre innovación y cambio climático por Brigitte Baptiste,"Mar 14, 2019",49,2,0.0261,0,7,28.57
5hD7h0UksQg,Vive la Universidad Ean,"May 3, 2023",77,2,0.0206,0,18,0
Ez-pJZj_Euc,¿Sigue siendo la UPC la cuestión de fondo?,"Apr 8, 2024",277,2,0.0668,0,19,10.53
8f55w38pBHg,¡Estudia en la U. Líder en Emprendimiento con Corpadein!,,63,2,0.0253,0,0,
RK2Yv4NFMbA,Carrera en Ingeniería de Sistemas | SNIES: 1984 - 102139 | Vigilada Mineducación,"Oct 21, 2019",15,2,0.0065,0,24,8.33
pLkkM49JKow,Egresada describe por qué estudiar en la Universidad EAN,"Apr 23, 2015",252,2,0.0295,0,45,2.22
XhAPLu3kFxw,Ean Sostenibilidad,"May 3, 2023",156,2,0.0415,0,15,6.67
B-gOldCSbhM,5 tips para hacer crowdfunding efectivo en Colombia / Emprendimiento,"Mar 21, 2018",132,2,0.0498,0,41,2.44
u9N8M6N50gI,"La Universidad EAN, una causa que hay que seguir","Oct 26, 2017",313,2,0.0923,0,27,7.41
cUMmlBusKP8,Estudiante extranjero nos cuenta su experiencia de intercambio en la Ean,"Dec 17, 2018",47,2,0.0155,0,17,11.76
PGt5IbDZ_-w,Egresado de la Especialización en Gobierno y Gerencia Pública,"Feb 3, 2017",364,2,0.041,0,24,8.33
YXENGo6uNEI,Conoce al nuevo decano de la Facultad de Ingeniería,"Sep 19, 2022",96,2,0.0266,0,31,3.23
U_S2rWY-8Zc,"Sesión 1: Seminario técnico: ""ABB Solar Days"" Diseño de plantas fotovoltaicas.","Feb 11, 2016",9307,2,0.0083,0,20,5
gDuV4DnzwNQ,Medicamentos en el plan de beneficios,"Nov 1, 2023",151,2,0.0433,0,21,0
f3LO2MFiM84,Reforma a la salud,"Oct 6, 2023",645,2,0.0323,0,7,0
6WR3PGV-iEo,Arriendo del MamBo: entre chismes e innovación,"Feb 28, 2018",192,2,0.004,0,10,10
WIB-I4KHooc,¿Listo para empezar tu aventura en la Ean?,,449,2,0.0025,0,4,0
cmybJWptWP8,Prepara tu 2026 con el #BlackDaysEan 📉,"Nov 10, 2025",40,2,0.0095,0,26,3.85
5HvaGQPaDD4,"Bogotá, ciudad que más reporta ciberdelitos en Colombia","Jun 22, 2023",118,2,0.049,0,11,9.09
 -pcUUu2DO2U,¿Cómo configurar audio del sistema operativo para Second Life?,"Jul 13, 2016",253,2,0.0133,0,24,0
Bi2VmLnWlJ8,El emprendimiento que se convirtió en la Universidad Ean,"Nov 27, 2023",454,2,0.0162,0,64,0
OsWZA3O3F6U,"Entrevista a Walter Munevar, egresado EANista de Ingeniería de Sistemas","Dec 9, 2014",272,2,0.0316,0,12,16.67
nHs58GSfZyg,El futuro no espera: aprovecha el Hot Sale EAN 🔥,"Oct 16, 2025",40,2,0.0013,0,51,0
FnQzvM9YOCs,Las carreras mejor pagas en Colombia,"Aug 8, 2023",191,2,0.0463,0,18,5.56
y_jdtTax-wM,"Yesid Fernando Patiño, nuevo director de tres programas de Ingeniería","May 27, 2024",98,2,0.033,0,31,0
yL10xpoOWek,Ceremonias de Graduación 2018 | Universidad EAN,"Oct 25, 2018",5704,2,0.0124,0,14,14.29
y9525joQ8uk,Somos una Universidad comprometida con la igualdad y la inclusión. 💚👏🏽,"Jul 26, 2024",28,2,0.0024,0,13,0
iBiYUFk9crk,Liderazgo de alto rendimiento: cómo la universidad impulsa el liderazgo del futuro,"Jul 7, 2025",1699,2,0.9405,0,64,0
eKkr7g4-kVM,¿Cómo realizar búsquedas básicas y avanzadas en EBSCO?,"Jul 26, 2019",386,2,0.1098,0,0,
EbM0vBrvvkE,"Ean Legacy, más que un referente de construcción sostenible","Apr 25, 2019",31,2,0.0087,0,94,2.13
OdygFZiEhmc,Actualiza tus habilidades y llega más lejos con la Ean,"Nov 25, 2025",13,2,0.0019,0,19,0
mnIBATGZZHc,Beneficios de homologar en la Universidad Ean,"Aug 2, 2019",58,2,0.026,0,11,9.09
hSaH_x3lKYw,¡El Altavoz en 60 Segundos! Edición mayo de 2023,"Jun 30, 2023",84,2,0.0096,0,27,7.41
jriETi70cXU,Cápsula 2 intercambio incoming,"Mar 31, 2023",138,2,0.0192,0,10,10
IDBs6r84_BI,Conoce el impacto que originan los paneles solares de la Universidad Ean,"Jul 5, 2024",113,2,0.0338,0,40,2.5
pGBOsSqRwl8,"Edisson Jaimes, un eanista destacado con la distinción Summa cum laude","Jan 29, 2024",130,2,0.0396,0,18,5.56
LwhYu5nqrfY,Programa de Práctica Profesional en el Exterior,"Oct 27, 2015",186,2,0.0726,0,12,8.33
sReKEQhLvEI,Bootcamp Saber Pro,,34,2,0.0101,0,0,
JFZ-9e0cvPY,Política de diversidades,,73,2,0.008,0,0,
T4gTM2_a5-o,¡Los contadores públicos eanistas ahora podrán ser bilingües!,"Oct 17, 2023",352,2,0.1091,0,14,7.14
O-O0S6nt9wY,7 frases en inglés para sobrevivir en cualquier viaje,"Sep 29, 2022",125,2,0.0605,0,10,0
k8aNNC0Z0pI,¡Revive lo mejor de la ceremonia de graduación  2019-1!,"Apr 24, 2019",55,2,0.0221,0,38,2.63
tSUpLhCtnek,¡El Ean Legacy es único!,"Jan 7, 2021",30,2,0.0063,0,50,2
mVrsxntff-0,Retos en la administración en salud,"Dec 7, 2023",11855,2,0.0399,0,19,5.26
M8SU5yhg6dE,Omar Patiño | Cable Noticias | El nuevo peso.,"Feb 27, 2018",201,2,0.0122,0,7,14.29
cHuDUjNcVdA,Información sobre prácticas profesionales en la Universidad EAN,"Sep 18, 2015",4189,2,0.0014,0,7,0
3WE16i-Q4Nw,¿Los robots te dejarán sin trabajo? Esta es la clave para que no te pase,"Jun 25, 2019",139,2,0.0249,0,10,20
GRo3iIio5no,Todos somos protagonistas en El Altavoz: edición abril 2024,"May 10, 2024",207,2,0.0182,0,51,3.92
eJur1EnhwM4,#EanInternacional 🌎 ✈ I Los eanistas vibran alrededor del mundo con la Universidad Ean.,"Sep 29, 2022",153,2,0.0159,0,36,0
8px61kMiBTU,¡Conoce más sobre la Defensoría Universitaria!,"Jan 11, 2024",98,2,0.0265,0,11,0
r5o7VCA1u5c,¡Conoce nuestra Política de Sostenibilidad y Emprendimiento Sostenible!,"Aug 13, 2020",170,2,0.0939,0,10,10
8SDjP2IqyTw,Dengue en Colombia ¿Qué dicen los expertos?,"Aug 23, 2023",318,2,0.0593,0,90,1.11
nyeqmFa3Gf4,¡Conoce las Microcredenciales Ean!,"Aug 24, 2023",110,2,0.0422,0,42,0
7dgwF9hsTCs,Maestría en Innovación | SNIES: 101871 | Vigilada Mineducación,"Oct 23, 2019",14,2,0.0073,0,20,10
70OHIXpeVrI,Lanzamiento Ean Virtual 2.0,,44,2,0.0233,0,0,
tfc2HovHldc,¿Por qué es importante el propósito de vida? Juan Pablo Gaviria compartió su experiencia,"Apr 3, 2019",94,2,0.0278,0,8,12.5
HNuCGaA17Zw,Conferencia: Management del Futuro,"Nov 9, 2023",7086,2,0.0117,0,29,3.45
9N20A5v-h2c,"Universidad Ean, patrocinador oficial del equipo femenino de Millonarios FC","May 3, 2023",69,2,0.0175,0,26,7.69
ryHU7z4wTno,Con la cualificación ACCA de la Ean serás un profesional de nivel internacional,"Apr 25, 2023",207,2,0.0903,0,17,5.88
I3nPunA46M4,Diego Rubiano y los bolsos que reflejan las diversidades y oportunidades,"Dec 13, 2023",225,2,0.0753,0,113,0
ENuB6h7IAtI,Administración de Empresas,"Apr 29, 2015",146,2,0.0194,0,13,15.38
_96UaDAuJUY,Aplicación de la Universidad EAN,"Jan 24, 2018",34,2,0.0136,0,8,12.5
I9q49vE5Wjo,Fenómeno de El Niño,"Aug 2, 2023",92,2,0.0275,0,13,15.38
JRcICYC2Lmo,Criptomonedas: ¿una nueva pirámide?,"Feb 12, 2018",82,2,0.006,0,9,0
X6dI7GHtNa8,Emprendimiento femenino y VC4A,"Mar 12, 2024",866,2,0.2409,0,16,0
mUVfNpTDGPg,Cápsula 1 intercambio incoming,"Mar 31, 2023",119,2,0.0077,0,7,14.29
OEljldUD2YA,¡Estudia nuestra carrera profesional en Ingeniería de Sistemas!,,46,2,0.0147,0,0,
gorw5CuL54E,De estudiar Economía en la U. Ean a trabajar en una multinacional,"Nov 25, 2019",71,2,0.0078,0,43,4.65
K9TozBsY4_s,¡Gastar menos y mejor! 6 tips infalibles para ahorrar,"Mar 5, 2018",88,2,0.007,0,8,25
X_XAOTMTZpM,Tutores de éxito - Universidad Ean,,48,2,0.0241,0,0,
j8D6_xCfmnU,Familias campesinas le sacan provecho a la leche de cabra / Semana,"Oct 31, 2017",117,2,0.0575,0,23,8.7
X-KseR_TzIQ,¿Cómo hacer búsquedas básicas y avanzadas en Oxford Academic? / Tutorial,"Aug 14, 2019",297,2,0.0297,0,0,
CX7N985WEyg,"Amay Chocolates, un emprendimiento que muestra la transformación del campo en Colombia","Sep 2, 2022",133,2,0.0073,0,33,0
HzFziT2jIto,"Cradle to cradle®, nuevo modelo de desarrollo","Sep 20, 2017",1002,2,0.2477,0,14,14.29
4lV_bRMIFxQ,Decana Luz Marina Sanchez de la U.EAN nos habla sobre alta calidad,"Apr 20, 2017",352,1,0.0544,0,11,9.09
qfTjF18j5Yw,"Precio de la gasolina en Colombia, impacto y recomendaciones para la ciudadanía","Aug 29, 2023",349,1,0.0033,0,6,16.67
tvMepDtfNc0,El emprendedor eanista que mezcla las tradiciones ancestrales con el desarrollo industrial,"Mar 6, 2023",172,1,0.0477,0,8,0
fnKo1OwXgJY,Lanzamiento del curso Escuela de mujeres y hombres construyendo equidad,"Feb 22, 2024",88,1,0.0034,0,13,0
n6zJtyslea0,Tutorial ¿Cómo renovar en línea el catálogo SIBEAN? | Biblioteca | Universidad EAN,"Jun 13, 2018",142,1,0.0039,0,16,0
sj4su4_xwdI,Energías renovables para ‘dummies’… y para presidenciables,"May 25, 2018",133,1,0.0349,0,14,0
FBzljveao1c,Así es el sistema fotovoltaico universitario más grande de Bogotá,"Feb 10, 2020",105,1,0.0189,0,6,0
cBAsc72CO0Q,Reaceico y su misión de convertir el aceite en biodiesel,"Oct 22, 2018",51,1,0.0131,0,10,10
Sp-zyJA0ivI,"Sesión 3: Seminario técnico: ""ABB Solar Days"" Diseño de plantas fotovoltaicas.","Feb 12, 2016",2476,1,0.001,0,12,8.33
gYBJBK7SCxA,Inglés de Alta Calidad en la Universidad Ean,"Jul 12, 2019",7,1,0.0017,0,7,14.29
JlpYoWRGJOU,¡El Altavoz en 60 segundos! Edición julio de 2022,,79,1,0.0027,0,10,10
bfXY5vKjlls,Programa de Intercambio Académico Internacional de Largo Plazo para estudiantes EANistas,"Oct 27, 2015",166,1,0.0356,0,5,20
40RUqyG6ubo,Internacionalización - Universidad Ean,"Dec 18, 2018",101,1,0.0274,0,4,25
h9CATtjyZZI,1.9  La creación de una historia de agravio | #EanX,,645,1,0.0017,0,0,
fogn5xtyp0I,Elección de representantes de docentes ante el Consejo Académico - Plancha 1,"Mar 10, 2017",72,1,0.0199,0,5,20
PtImv0w62Ss,¿Cuál es el rol como estudiante virtual y cómo solicito el material?,"Jul 30, 2012",231,1,0.0031,0,20,5
hvUyP5yPc3w,¡El Altavoz en 60 segundos! Edición febrero de 2023,,87,1,0.0014,0,14,7.14
n0xkY4nHwe0,1.11  Perdonar es contar una nueva historia | #EanX,,643,1,0.0018,0,0,
I2LxvpkT_nU,El snack que se convirtió en emprendimiento sostenible,"Oct 22, 2018",29,1,0.0007,0,10,10
cEDm123AsEI,Proyectos de desarrollo sostenible con apoyo de Estados Unidos,"Nov 28, 2016",28,1,0.0049,0,16,0
L_-vwR4xGKI,Día de la Mujer 2024,"Mar 8, 2024",104,1,0.0178,0,21,4.76
SO33JaMlmPs,¡Esto es todo lo que tienes que saber sobre las #5EstrellasEan de #QSStars! 💚🌟,,161,1,0.0053,0,0,
7pBE8xkAglc,El emprendimiento que se convirtió en la Universidad Ean (subtitulado),"Dec 11, 2023",256,1,0.0012,0,13,0
UnkQocLM2Tc,Expertos opinan sobre las variaciones del precio del petróleo,"Feb 6, 2019",130,1,0.0108,0,16,6.25
YM14IsNNiaU,¡Llegamos a las 100 entradas en nuestro blog de Portafolio!,"Jul 13, 2020",68,1,0.0055,0,4,0
9uhhqC5Qq3M,"Noche de gala, 57 años","Dec 4, 2024",113,1,0.0058,0,36,2.78
lAXj_GVZURs,Servicio de Apoyo Psicopedagógico,"Aug 1, 2023",49,1,0.0119,0,18,5.56
sBwNztPy1AY,¿Cómo hacer búsquedas avanzadas en la base de datos SAGE Knowledge?,"Nov 6, 2019",169,1,0.0062,0,0,
aBi8dMzZO8I,Maestría en Administración de Empresas de Salud | SNIES: 102894 | Vigilada Mineducación,"Oct 23, 2019",7,1,0.0003,0,8,12.5
bP4B0GWHQ8k,"La receta del éxito, según un economista eanista","Nov 25, 2019",60,1,0.0058,0,7,0
U16yErsu1sY,Charla sobre acoso y violencia escolar,"Jun 14, 2024",734,1,0.0064,0,25,0
m6xKiaAEAqw,"Camilo Rocha, Miembro del semillero de investigación 'Green Politics'","Sep 26, 2016",62,1,0.0028,0,7,0
Q0GmiIh0f9M,Las carreras del futuro,"Sep 18, 2023",230,1,0.0636,0,8,0
wfzMXwVhtKQ,"Kolado Caffe, una nueva forma de consumir el café colombiano","Oct 25, 2022",156,1,0.0431,0,17,0
bwMKN0NE3N0,Diplomado en e-Commerce y Marketing Digital de la Universidad Ean,"Jul 16, 2019",7,1,0.0017,0,15,6.67
DbURxfO422o,¡El Altavoz en 60 segundos! Edición agosto de 2022,"Sep 22, 2022",73,1,0.0011,0,15,6.67
 -X8QduPILQw,El mercadeo en las tiendas de barrio,"Jul 7, 2023",829,1,0.024,0,11,0
_NvZzij-JCM,Carrera en Administración de Empresas | SNIES: 1983 - 9517 | Vigilada Mineducación,"Oct 22, 2019",12,1,0.001,0,17,5.88
FePrt-nQUw0,Biblioteca de la Creatividad,"Feb 21, 2024",107,1,0.0082,0,17,0
Zxadf4J8Jao,Experiencias internacionales de los EANistas,"Jun 5, 2015",381,1,0.0034,0,4,25
M6iqDMfKrc0,De la corbata a la mochila: ¿cómo hacer de tu pasión una forma de vida rentable?,"Mar 13, 2019",23,1,0.0003,0,30,0
4mnSGmhbglA,3DVINCI Studios,"Jun 25, 2024",198,1,0.0539,0,29,0
sA02HvmI-KY,Fabio Moscoso analiza eliminación del subsidio de energía al estrato 3,"Feb 13, 2019",216,1,0.011,0,3,0
tieFm0rIlAk,"Si lo tuyo es hablar, crear o simplemente expresarte ¡Este espacio es para ti!","Oct 14, 2025",52,1,0,0,20,0
zzhISrGpOhU,Historias que inspiran. Linternet. #EANistasCambiandoVidas,"Aug 1, 2017",31,1,0.0084,0,4,25
tG37ddUK9RM,Universidad EAN - APP⎪Nuevas Funcionalidades⎪Internacionalización,"Aug 8, 2018",46,1,0.0045,0,3,0
lK2SEiRB3TA,Cápsula English Teaching Assistant EE.UU y practicante internacional,,153,1,0.0096,0,22,4.55
HPx6Nu2_UmY,Marcha del Orgullo LGBTIQ+,"Jun 18, 2024",45,1,0.0008,0,24,4.17
mTEkLiwTO48,El deporte de hacer dinero con el deporte,"Jun 8, 2018",85,1,0.0234,0,9,11.11
lsbQNc7CZJ0,La NASA mostró imágenes del dióxido de carbono que se concentró en la atmósfera de la Tierra.,"Jun 22, 2023",95,1,0.0005,0,48,0
4iowJeFR4xE,Maestría en Gestión Financiera | SNIES: 101980 | Vigilada Mineducación,"Oct 23, 2019",13,1,0.0035,0,27,3.7
BFbCQQg6eXA,Tres razones para estudiar en modalidad nocturna,"Jul 9, 2019",74,1,0.0202,0,10,10
tPDspna15AQ,Facultad de Estudios en Ambientes Virtuales - Universidad Ean (versión corta),"Dec 21, 2018",39,1,0.0042,0,46,0
Q6aGdZzLggY,¡El Altavoz en 60 segundos! Edición mayo de 2022,,75,1,0.0035,0,8,12.5
9WmK1XOlTz4,Únete a las semilleros de investigación de la Universidad EAN,"Jul 21, 2016",60,1,0.0166,0,8,12.5
EYRM_XdU4L4,Catedral de Notre Dame: ¿Qué significado tiene para la humanidad?,"Apr 30, 2019",52,1,0.0137,0,24,4.17
4lXCvooTVUo,¿Habrá racionamiento de energía?,"Apr 16, 2024",605,1,0.0255,0,23,4.35
EVN6he0KZRY,Brigitte Baptiste nos habla sobre el 12ST PRODEM 2023,"May 23, 2023",74,1,0.0039,0,16,6.25
t5r7bI5w0hU,1.8  Asumir de manera exagerada una ofensa personal. Culpar al ofensor por cómo te sientes | #EanX,,632,1,0.0033,0,0,
Y8Fb8fFgwh0,Noticia de becas para mujeres en Tropicana,"Nov 15, 2023",355,1,0,0,14,0
0Q1dap2Vx80,📍¿Cómo ser un investigador desde la Universidad? 🤓,"Sep 14, 2021",134,1,0.0046,0,15,6.67
sm1D0N8x4-g,Valerie Meikle y las enseñanzas que le dejó la Amazonia colombiana,"Mar 13, 2020",110,1,0,0,35,2.86
zlN46rAE-eE,Francisco Alonso Chica Cañas | Booktrailer,"Feb 20, 2018",125,1,0.0154,0,3,0
Lr2W8B5bics,1.2  Para  qué sirve aprender a perdonar | #EanX,,459,1,0.0286,0,0,
5akpKE8PeeQ,Programas de Ingeniería | Universidad EAN,"Apr 24, 2018",60,1,0.016,0,21,4.76
wkCf3GFTg1Q,1.3  ¿Qué es el perdón? | #EanX,,444,1,0.0063,0,0,
AQt0hCAPAm4,Historias que inspiran. Geek Girls. #EANistasCambiandoVidas,"Aug 1, 2017",31,1,0.0021,0,7,0
BYC9HbpLXSA,Así recibimos a nuestros estudiantes de intercambio.,"Feb 23, 2023",86,1,0.0237,0,16,6.25
UVCMyNkb8go,¿Qué carrera universitaria estudiar? 😱 5 #CONSEJOS,"Aug 27, 2021",63,1,0.0173,0,6,0
qe2ibWj8XGU,1.6 La diferencia entre perdón y reconciliación | #EanX,,182,1,0.002,0,0,
nft8KKLlPqI,Ean Impacta Diverso,"Dec 22, 2023",282,1,0.0011,0,120,0.83
aPpjTTR1swo,Claves para proteger su patrimonio al momento de arrendar,"Apr 19, 2024",257,1,0.0006,0,24,4.17
A2f9Cna5cEg,Experiencia Internacional en la Universidad EAN,"Oct 31, 2014",264,1,0.0605,0,8,12.5
8E0tGXOdQAo,¡Examen Saber Pro!,"Aug 24, 2023",90,1,0.0319,0,7,0
tlv4X6ihmw0,¡Transforma tu emprendimiento con el diplomado en Pensamiento Sostenible!,"Jan 29, 2020",25,1,0.0067,0,6,16.67
1pqVKbzzIwQ,"""Colombia, un país amigable"": estudiantes franceses hablan del país","Jan 25, 2019",105,1,0.0292,0,15,0
hcIVnMO8WwQ,"La sostenibilidad,la inclusión y el emprendimiento, más que temas de aula, son parte del ADN Eanista","Jul 1, 2025",31,1,0.0036,0,41,0
M6C6IHRgfWs,"1.10  El perdón, una forma de sentirse mejor y ser más feliz | #EanX",,767,1,0.002,0,0,
koV1Kk2-cS0,Webinar: Ciudades Sostenibles,"Oct 30, 2020",8578,1,0.0035,0,7,14.29
_215p7H14FQ,La Hora del Planeta,"May 3, 2023",59,1,0.0164,0,9,11.11
sJrIYKXtN9k,EAN Evil,"Nov 15, 2012",245,1,0.0178,0,8,12.5
KPuHFs11VBE,"La educación debe ser una experiencia: que te reta, te inspira y te conecta #PertenecesAqui","Jul 14, 2025",36,1,0.0006,0,21,0
N_6ojcvH5nE,Conoce nuestras Carreras Universitarias,"Sep 2, 2020",23,1,0.0055,0,16,6.25
A94W704HF5g,"Facultad de Administración, Finanzas y Ciencias Económicas - Universidad Ean","Dec 18, 2018",90,1,0.0024,0,17,5.88
LceeS9cJVic,"Beneficios de la Universidad Ean, para las jugadoras del equipo femenino de Millonarios","Feb 14, 2024",90,1,0.0008,0,16,6.25
9kGVQr2ATSQ,¿Qué es educación en ambientes virtuales?,"Jul 30, 2012",205,1,0.0259,0,10,10
BcKQ7qBeAuQ,Aprende cómo participar en la Semana E,,121,1,0.0002,0,1,0
Kub2a8Weqb0,Propuestas Elecciones Representantes Universidad EAN - 2018,"Jun 5, 2018",316,1,0.0075,0,8,12.5
lhB6r5OFyq8,"Nuestras clases en modo #PAT, durante emergencia por #COVID19","Mar 25, 2020",81,1,0.0088,0,5,0
aqMY0FOMw5Q,¿Conoces nuestra modalidad de estudio por ciclos?,"Sep 16, 2020",57,1,0.0155,0,7,14.29
VXVhJeZ0xFg,Maestría en Gestión Financiera,"Jun 28, 2016",60,1,0.0142,0,13,7.69
6Z6LPeK9KpA,Publicación: Cinco miradas al turismo cultural,"Sep 27, 2017",127,1,0.0111,0,24,4.17
ajGMJtCqU-c,¡El Altavoz en 60 segundos! Edición abril de 2022,,82,1,0.0014,0,7,14.29
HIzxdPRc58g,"Andrea Villamizar, una administradora que consolida el capital humano en Colombia y México","May 4, 2023",131,1,0.0228,0,7,0
AMx1oXpa5No,"Foro: El Río Bogotá y la escasez de agua, ¿dos caras del mismo problema?","May 9, 2024",239,1,0.0367,0,31,0
uRGtR5AnJCM,Maestría en Gestión Financiera Metodología Presencial,"Aug 11, 2015",105,1,0.029,0,10,10
zeH7qMa3tz8,Tenemos el MBA virtual #1 de Colombia,"Feb 21, 2023",33,1,0.0003,0,42,2.38
SedwdSVPvBU,Así es el primer cerramiento educativo e interactivo de Bogotá,"Nov 24, 2017",135,1,0.0187,0,4,25
HFzslqjeDCg,Conoce el primer Laboratorio Ambiental Móvil de Latinoamérica,"May 15, 2019",38,1,0.0011,0,3,0
43SCNYsZUko,Carrera en Economía | SNIES: 52083 - 102065 | Vigilada Mineducación,"Oct 22, 2019",15,1,0.004,0,14,7.14
TWE8aZY1hiA,Profesor eanista representará a la U en Japón,"Aug 12, 2022",178,1,0.0384,0,17,5.88
td9vVaBFy3Q,¿Por qué se conmemora el Día de la Tierra? ¡Diana Uribe te lo cuenta!,"Apr 22, 2019",415,1,0.001,0,23,0
gZNSGeTfgJ8,Cómo agendar una cita con nuestro equipo de atención psicosocial,"May 11, 2020",101,1,0.019,0,7,14.29
XGEhtw25wS8,¡Felicitamos a nuestros profes eanistas!,"Oct 17, 2023",71,1,0.0067,0,9,11.11
Y1pPW4P4AOc,Por qué estudiar una especialización en Machine Learning puede transformar tu futuro profesional,,66,1,0.0183,0,0,
dMsmjnhgSr4,"Sesión 2: Seminario técnico: ""ABB Solar Days"" Diseño de plantas fotovoltaicas.","Feb 11, 2016",20774,1,0.0044,0,10,10
3okNQL9Pneo,La Educación Virtual de la Universidad EAN,"Feb 27, 2018",41,1,0.0087,0,20,5
4u_6BxKFIBE,📍Descubre por qué estar en el #EanLegacy es como estar al aire libre. 😎,"Aug 2, 2021",92,1,0.0253,0,16,6.25
n-mQlRnIUXE,¿Cómo realizar búsquedas en Multilegis? | #BibliotecaEan,,330,1,0.0117,0,0,
23uvn8Ruloc,Asbesto para dummies: ¿en qué consiste la polémica?,"Mar 7, 2019",76,1,0.0047,0,4,0
ZP7CZAkMGVI,¡Felices fiestas nos desea nuestra rectora Brigitte Baptiste!,"Dec 19, 2019",46,1,0.0096,0,27,0
Aw9C4MrjOgI,📣 ¡El Altavoz en 60 Segundos! Edición noviembre de 2021,,85,1,0.0019,0,4,25
MCB_x6N4kj8,"Innovación, el gran reto de la educación superior","Jul 24, 2023",865,1,0.006,0,8,0
kfJBWFNTP9s,Maestría en Gestión de la Cultura Metodología Presencial,"Aug 10, 2015",131,1,0.0425,0,16,6.25
xGYDZQ2SDi4,Especialización en Gerencia de Mercadeo,"Jun 28, 2016",59,1,0.0097,0,7,14.29
RCFSbmkQxmI,¿Qué opina del robo cibernético?,"Sep 15, 2023",1683,1,0.4672,0,21,0
4VpohD-uRSw,La invitación de Brigitte Baptiste al Women Economic Forum,"Jul 31, 2019",34,1,0.0034,0,15,6.67
0LDvSHkaCy4,Español en Colombia: así aprenden los extranjeros este idioma,"Jan 25, 2019",92,1,0.0004,0,8,12.5
WhngZQYJSAM,¿Cómo ahorrar agua en nuestra casa? / Semana,"Oct 31, 2017",117,1,0.008,0,17,0
ua7m97e-h8w,Inicia la demolición del antiguo edificio chocolate,"Oct 26, 2017",33,1,0.009,0,11,9.09
Mostrando los 500 resultados principales
