Contenido,Título del video,Tiempo de publicación del video,Duración,Vistas,Tiempo de reproducción (horas),Suscriptores,Duración promedio de vistas,Impresiones,Tasa de clics de las impresiones (%)
Total,,,,1084111,6186.3231,39,0:00:57,244348,3.57
DzkVnRAYPIs,Conoce las ventajas de estudiar un pregrado en la Universidad Ean,"Oct 30, 2025",47,408065,1941.2392,0,0:00:43,163,7.36
lZl1OWV2HWc,El siguiente paso en tu carrera está con la #UniversidadEan,"Oct 30, 2025",38,250701,962.4785,0,0:00:36,488,0.41
cI3_jDfxj8o,Un posgrado de la #UniversidadEan que se adapta a ti,"Oct 30, 2025",38,176554,1007.0251,0,0:00:36,122,2.46
_F8ze0vO2xM,"Ser Eanista es vivir la U completa: cultura, deporte y experiencias que van más allá de las clases.","Jan 5, 2026",59,133688,285.0473,0,0:01:01,249,3.61
Vv4QL_81-Bw,Conoce las ventajas de estudiar un pregrado en la Universidad Ean,"Oct 30, 2025",47,80122,395.7592,0,0:00:44,308,3.57
nRuP_N4xQV8,¡Llegó un nuevo modelo virtual a la Universidad Ean! 💻📲,"Oct 31, 2025",37,7140,35.1433,0,0:00:35,144,2.08
oh_ixcQ3DS8,Descubre el nuevo modelo Virtual 📲💻de la Universidad Ean💚,"Oct 31, 2025",37,6863,38.8835,0,0:00:35,426,3.05
azOGTMcaYm4,"'Todos sumamos en el lugar correcto' - Experimento social sobre inclusión, Universidad Ean","Jan 17, 2024",464,6655,293.5471,16,0:02:38,125982,3.7
AUNrXlQ-1qo,¿Cómo entender los grandes sucesos del siglo XXI? / Conferencia de Diana Uribe,"Aug 22, 2019",3543,4062,1047.2842,17,0:15:28,77987,3.3
O5r1FSHqavQ,De la idea a la NASA | #DíaDelEmprendedor,"Apr 16, 2026",36,1371,2.5042,1,0:00:12,431,1.16
lm77aq-DOJA,"Crea, programa y automatiza: estudia Ingeniería Mecatrónica en la Ean","Apr 7, 2026",47,475,0.5447,1,0:00:13,744,1.34
ryS9yVfl6zQ,¡Tips de emprendedores que SÍ funcionan!,"Apr 4, 2026",93,463,0.7874,1,0:00:28,365,2.19
Vt0eHcZpBl8,Emprender para transformar realidades | #EAN,"Apr 17, 2026",68,452,0.768,1,0:00:18,368,1.36
rxqiH2LkJQM,5 razones por las que la Ean es tu mejor opción,"Nov 5, 2024",54,420,4.7158,1,0:00:40,686,9.91
qoyjnLEWbig,El diseñador que a los 24 ya tenía su propio estudio. Esta es su historia. | Universidad Ean,"Apr 30, 2026",46,394,0.5758,0,0:00:19,74,0
nFtU7ZBpuBM,Conoce la modalidad virtual de la Universidad Ean,"Jan 31, 2024",523,382,21.1755,4,0:03:19,459,7.41
UFNBtFwi7A0,"Denario, la fintech 100 % colombiana que transforma la vida de los trabajadores en Colombia","Apr 10, 2023",137,311,12.4259,0,0:02:23,97,3.09
G9laMqCP_ho,El emprendimiento que se convirtió en la Universidad Ean,"Nov 27, 2023",256,310,8.9096,0,0:01:43,549,7.47
xpjAyzF53ts,Biblioteca Hildebrando Perico Afanador,"Jul 15, 2024",136,238,4.998,1,0:01:15,225,2.22
V06EARM0Blg,Brigitte Baptiste en Dia a Día de Caracol TV,"Dec 6, 2024",1133,214,14.0718,2,0:03:56,1782,8.42
1WxWVFLwxwc,Aprende 12 señas básicas de Lengua de Señas Colombiana,"Sep 23, 2022",117,213,4.4896,0,0:01:15,1348,2.3
SY95p3ncARU,#EanVirtual: la experiencia universitaria que se adapta a ti | #UniversidadEan,"Apr 19, 2026",51,177,0.2447,0,0:00:28,527,0.76
XUFFLg5DrOQ,"Saludo de Brigitte Baptiste, nueva rectora de la Universidad Ean","Aug 1, 2019",141,164,2.812,0,0:01:01,138,5.8
G5TkZgsdTpQ,La seguridad vial en Colombia es un desafío urgente | #EAN,"Apr 20, 2026",82,141,0.2499,0,0:00:33,496,0.6
c9HKWqe5o8g,Lleva tu ingeniería al siguiente nivel con un MBA en liderazgo e innovación en la Universidad Ean,"Feb 19, 2026",55,114,0.8609,0,0:00:51,122,7.38
DREtXqM9DuE,"Así se vive el PEI en la Universidad EAN | Cada rol, cada decisión, un mismo propósito","Apr 6, 2026",84,106,1.7052,0,0:00:57,1054,1.8
aSXyM9a7l7s,La maestría que cambia tu forma de pensar 🤔💭 | #EAN,"Apr 12, 2026",95,91,0.2652,0,0:00:28,172,2.33
UVfkTfm4tDo,"Refurbi, la empresa que da una segunda vida a los dispositivos electrónicos","Jun 8, 2023",140,87,2.091,0,0:01:26,292,14.04
R4tF01WVbWM,Estudia Lenguas Modernas en la Universidad Ean.💥 Conoce más en www.universidadean.edu.co,"Mar 5, 2024",56,69,0.4652,0,0:00:36,529,4.16
8bHA3cSMJxM,"Competitividad en Colombia: retos, productividad y oportunidades | Daniel Gómez Gaviria","Jan 16, 2026",3045,69,2.4864,0,0:02:09,151,3.97
ShQFp7sTmZI,En la Universidad del Emprendimiento Sostenible podrás potenciar tus capacidades. 💚,"Mar 5, 2024",9,66,0.1074,0,0:00:16,258,4.65
Cphuc6BC5Nw,La máquina que recompensa por reciclar botellas plásticas,"Jun 7, 2019",97,63,0.8526,0,0:00:48,70,5.71
pCGWe94LDWw,Conoce Plan E+ y lleva tu profesión a su próxima parada,"May 31, 2024",138,62,1.2544,0,0:01:12,26,0
lSFnglGdPvc,SuperWow: de una idea cotidiana a un negocio en crecimiento | Conoce más en la U del Emprendimiento,"Mar 31, 2026",88,61,0.2402,1,0:00:27,523,1.34
Rdvv3XGg9Hk,"""O diseñamos un nuevo planeta o nos extinguimos"": Brigitte Baptiste","Mar 18, 2019",3214,58,13.9613,0,0:14:26,600,5.33
hCGCX2kaSx0,Conoce nuestro renovado MBA en sus dos modalidades,"Dec 18, 2023",52,58,0.7059,0,0:00:43,34,0
8lM9Srf03pc,📍 ¿Cómo cuidar nuestros ecosistemas? 🌍,"Oct 8, 2021",123,53,0.9729,0,0:01:06,165,10.3
WvBpTeaFP7M,De la #UniversidadEAN a #Turquía ✈️,"Feb 11, 2026",125,38,0.1888,0,0:00:21,49,20.41
57Bgdbj-IYQ,Así construimos la calidad en la Ean: juntos hacemos la diferencia,"Apr 27, 2026",89,36,0.5527,0,0:00:55,333,8.41
Dl2BBtcH71U,Ean Legacy - Empodérate,"Jan 23, 2021",45,33,0.2821,0,0:00:30,29,0
CKgxE8a0uxA,¡Nuestros estudiantes eanistas + SIU!,,93,32,0.6048,0,0:01:08,0,
Vfb0BVVuJSM,¿Conoces las diferencias entre el modelo PAT y la metodología virtual?,"Apr 20, 2020",112,32,0.6208,0,0:01:09,27,3.7
 -S_KuPpfjc8,#Podcast de Administración: aspectos que marcarán la nueva era empresarial,"Jul 27, 2025",1355,32,2.5818,0,0:04:50,68,8.82
uUULhs1x-KY,"Tu aventura en la U comienza con FUN MATHS , Aprende, juega y conquista las matemáticas.",,127,32,0.4997,0,0:00:56,0,
_u4JqppqRvM,Este es el mayor SUEÑO deportivo de Fabián | Su historia en la EAN,"Mar 3, 2026",221,32,0.3128,1,0:00:35,235,2.55
W0TrEykc3DI,Beneficios de la Alimentación Saludable,"Jul 18, 2014",135,31,0.5116,0,0:00:59,85,7.06
inSaViuBcj0,"Moviid, una empresa que promueve la independencia de las personas con discapacidad","Dec 1, 2023",145,31,0.639,0,0:01:14,33,9.09
S9GKmpIvKeI,Brigitte Baptiste y sus retos en la Universidad Ean / Guía Académica,"Oct 29, 2019",721,29,1.8878,0,0:03:54,304,5.26
vbImyaJUhoc,¿Casas hechas de desechos? ¡Una realidad!,"Nov 22, 2017",110,29,0.6881,0,0:01:25,42,2.38
tRXanM_jXkk,Yo vivo mi U I Universidad Ean,"Jan 2, 2025",126,29,0.4075,1,0:00:50,54,1.85
IIfKIrvkVcg,¿Cómo ser la única carrera de Mercadeo preparada para el sector real?,"Apr 7, 2025",53,29,0.3777,0,0:00:46,36,0
bSXhEFp0xzc,Conoce nuestra nueva carrera en Administración en Salud,"Jan 15, 2024",54,28,0.2762,0,0:00:35,21,4.76
nxnA7KyXN9w,Grados Ean 2025: así celebramos tres días que inspiran al futuro,"Dec 7, 2025",129,27,0.4051,0,0:00:54,342,6.14
QbHVSDOvQS0,"Torna, el emprendimiento que transforma los residuos contaminantes en productos de aseo","Dec 29, 2023",166,27,0.7442,0,0:01:39,41,0
K1gorThoKcQ,Himno oficial de la Universidad Ean,"May 3, 2023",121,26,0.9794,0,0:02:15,113,15.04
whVk845VqmI,Conoce todo lo que te ofrece la Maestría en Ciencia de Datos de la Ean 💚,"Nov 18, 2025",43,26,0.1118,0,0:00:29,272,2.21
qiXAvujGTRA,¡Conoce nuestro nuevo modelo de educación virtual!,,65,25,0.3028,0,0:00:43,0,
 -V0eZoRl3KQ,"Así se siente estar aquí en #EanOrinoquia, Puerto Carreño 💚","Feb 19, 2026",368,25,1.0654,0,0:02:33,184,6.52
H-zQswi5wdg,Así se vivió el futuro de los proyectos | IPMA Research Conference 2026 en la Universidad Ean,"Apr 25, 2026",111,25,0.4027,0,0:00:57,430,2.56
Lh4fOu7ijN0,"NEU Energy, el primer comercializador de energía digital en Colombia","Aug 24, 2023",148,24,0.6265,0,0:01:33,15,0
YSwfeMUX9pw,Paso a paso para realizar la inscripción a un programa de posgrado en la Ean,"Apr 23, 2024",163,24,0.4984,0,0:01:14,54,3.7
zMH_QLuszgc,"Conoce nuestra Maestría en Mercadeo Digital, ahora de 3 semestres","Dec 18, 2023",23,23,0.1168,0,0:00:18,23,0
kQ6dufWdCiA,Aprende cómo invertir con el Diplomado Trading e Inversiones de la Universidad Ean,"Nov 21, 2022",52,23,0.2845,0,0:00:44,22,4.55
FMdn9O3xGM4,Brigitte Baptiste en Noticias Caracol: desafíos y retos clave de la COP16,"Oct 22, 2024",198,23,0.549,0,0:01:25,117,7.69
Lf1I5PHKkbQ,Universidad Ean será anfitriona de la 14 IPMA Research Conference 2026.,"Oct 23, 2025",100,22,0.2532,0,0:00:41,147,5.44
3WE16i-Q4Nw,¿Los robots te dejarán sin trabajo? Esta es la clave para que no te pase,"Jun 25, 2019",139,21,0.4151,0,0:01:11,32,15.63
28l2B7ZdhHo,Paso a paso para realizar la inscripción a un programa de pregrado en la Ean,"Apr 11, 2024",163,21,0.3977,0,0:01:08,48,14.58
AINnmcC8P14,¿Cómo reaccionar ante un robo? Análisis para Citytv,"Oct 2, 2023",349,21,0.4364,0,0:01:14,68,5.88
sXxPhn9cV5U,Función Pública - Inscripción página web,,50,20,0.2708,0,0:00:48,0,
 -Jk5mbbffTU,¿Qué herramientas tenemos para el Entorno Híbrido de Aprendizaje?,"Aug 10, 2021",160,20,0.3675,0,0:01:06,21,19.05
DCkGPbAOpwA,Conferencia de Emprendimiento con Mario Hernández,"Mar 1, 2013",3700,20,3.3902,0,0:10:10,357,2.8
FS-E4QiUJv4,¡Llegó la temporada de matrículas! Así puedes inscribir tus unidades de estudio,,180,18,0.6388,0,0:02:07,7,0
BhFoTpsfCN0,5 tips para escoger tu posgrado,"Nov 22, 2022",138,18,0.4347,0,0:01:26,152,5.92
8mpse0D-Kps,¿Cómo hacer búsquedas básicas y avanzadas en ScienceDirect?,,329,18,0.5553,0,0:01:51,0,
Hk1lESFzKbA,¿Qué significa la intervención a una EPS?,"Apr 4, 2024",998,18,1.1921,0,0:03:58,49,10.2
T5WOv6ow9H4,¡Te presentamos Ean Sostenibilidad!,"Apr 17, 2024",220,18,0.3409,0,0:01:08,76,5.26
siMxWyATvcY,De estudiante a #Profesor: así se vive la #Calidad en #UniversidadEAN y #QSStars,"Mar 18, 2026",99,17,0.2565,0,0:00:54,346,3.76
U8eupRCfOFw,Aprende cómo invertir con el Diplomado Trading e Inversiones en la Universidad Ean,"Nov 21, 2022",62,17,0.2507,0,0:00:53,25,8
K11lFJK-r-w,"Universidad Ean, referente de educación virtual en Colombia","Jun 19, 2024",218,16,0.3151,0,0:01:10,167,4.79
ET7I9W1MDSY,Paso a paso de los requisitos de admisión en la Universidad Ean,"Apr 11, 2024",76,16,0.1755,0,0:00:39,39,12.82
9qgJ4CtbNs8,"Así vivimos el 1st Human Powers Summit: talento, IA y liderazgo en acción | Universidad Ean","Apr 24, 2026",102,16,0.2014,0,0:00:45,363,1.65
SPo8oO9eNRE,Conoce cómo la Universidad Ean se preparó con el Entorno Híbrido,"Jul 26, 2021",38,16,0.1871,0,0:00:42,68,8.82
GKzWWV6XESM,¿Cómo configurar audio en Second Life?,"Jul 13, 2016",193,16,0.3612,0,0:01:21,18,27.78
R-WCaU9ytTg,MBA virtual #1 de Colombia,"Apr 2, 2024",32,16,0.0779,0,0:00:21,112,8.04
TImEz0Au6Ak,"Ingeniería Salvaje: el podcast donde la ingeniería, el emprendimiento y las ideas se encuentran","Jun 10, 2025",1702,15,1.2232,0,0:04:53,71,0
tSUpLhCtnek,¡El Ean Legacy es único!,"Jan 7, 2021",30,15,0.1132,0,0:00:27,38,0
h8EvSbM0PsU,"Foro: El Río Bogotá y la escasez de agua, ¿dos caras del mismo problema?","May 15, 2024",14630,15,3.5399,0,0:14:09,94,7.45
Q8lRcHP-dVQ,Educación flexible para servidores públicos con la Universidad Ean,"Feb 27, 2026",92,14,0.2178,0,0:00:56,145,1.38
Q8qlPL_R1-A,¿Aún no sabes qué es Cradle to Cradle®?,"Nov 2, 2017",81,14,0.2135,0,0:00:54,57,7.02
aynGFTAs2RQ,¡Despedimos el 2025! Gracias a toda nuestra comunidad #Eanista 💚,"Dec 4, 2025",67,14,0.0719,0,0:00:18,121,4.13
XaZJ41o56Cg,"Edificio EAN Legacy, un proyecto único en Latinoamérica","Sep 19, 2017",121,13,0.1343,0,0:00:37,101,7.92
owUJQhEn7Pk,Especialización Fintech en la Universidad Ean,"Apr 2, 2024",59,13,0.0881,0,0:00:43,93,2.15
64lG4dywBek,"Así vivimos el 1st Human Powers Summit: talento, IA y liderazgo en acción | Universidad Ean","Apr 21, 2026",102,13,0.1995,0,0:00:55,159,2.52
pwd7XYOVSQU,Neuromarketing: la estrategia de Disney para facturar,"Aug 29, 2019",95,13,0.1589,0,0:00:44,59,6.78
goM27E3ixDE,¡Los #GradosEan2025 ya están acá!,"Nov 24, 2025",31,13,0.0341,0,0:00:18,122,2.46
ximjWEDwJ5I,¿Los ingenieros tienen lo que se necesita para ser grandes emprendedores?,"Aug 16, 2018",121,13,0.1656,0,0:00:45,112,7.14
2OI-GyPDAuY,Estudiar en #EanVirtual sí te prepara para el mundo real 🌎,"Nov 5, 2025",63,13,0.1048,1,0:00:37,107,5.61
3Wgk7PiNQi8,Diana Leguízamo | Imaginart | Acá Entre Nos,"Feb 27, 2018",179,13,0.391,0,0:01:48,8,12.5
l7rAoqXqXt4,#GerenciaDeProyectos con impacto | #UniversidadEAN,"Mar 8, 2026",51,13,0.0918,0,0:01:20,111,2.7
cG35F8OwjOw,Maestría en Mercadeo Digital,"Apr 2, 2024",50,12,0.0828,0,0:00:48,182,0.55
-4naLp1coRM,Conoce el Campus virtual de la Universidad EAN en Second Life,"Aug 16, 2017",223,12,0.2461,0,0:01:13,38,10.53
vq9dvC9-SpM,Ean Legacy,"Jan 7, 2021",34,12,0.0732,0,0:00:21,15,0
Ac0FeqhyjfA,Panorama de la educación virtual en Colombia,"Jun 17, 2024",136,12,0.2145,0,0:01:04,49,6.12
elILiAakjVg,Beneficios de utilizar paneles solares,"Mar 11, 2024",175,12,0.3947,0,0:01:58,14,0
zy5PjMYcc7w,Conoce nuestra nueva Especialización en Gestión del Aprendizaje Digital,"Dec 18, 2023",37,12,0.106,0,0:00:31,19,0
SxoxDz6ii4c,Grados Eanistas 2025-1,"Jun 3, 2025",92,12,0.1749,0,0:00:52,97,11.34
OtoPKEtP-Tc,1.1 Conoce al doctor Fred Luskin y por qué empezó a estudiar el perdón | #EanX,,679,11,0.5323,0,0:02:54,5,0
FnxNCvASXco,"Una historia real de #UEAN: crecer, volver y construir conocimiento. + #QSStars 🌟💚","Jan 24, 2026",98,11,0.0577,0,0:00:48,62,1.61
Gnv5Ntyux6Q,Razones para estudiar la Maestría en Ciencia de Datos en la #UniversidadEan,"Nov 18, 2025",44,11,0.1036,0,0:00:33,154,5.19
KIwB-QV1mn0,¡Así de fácil funciona la máquina de autopréstamo de la Biblioteca!,"May 25, 2023",80,11,0.1386,0,0:00:45,19,0
Gr2bChGso_M,Becas del 50% OFF para estudiar Ingeniería en 2026 en la #Ean,"Nov 24, 2025",48,11,0.0609,0,0:00:30,62,1.61
KgGIzpyBoOA,Las islas no solo son destino: son talento y futuro con la #Ean 💚,"Feb 10, 2026",52,11,0.0343,0,0:00:23,70,2.86
MBtoPvgNsfM,Estudia Ingeniería en Ciencia de Datos en la Universidad del Emprendimiento Sostenible. 🌎📈,"Mar 5, 2024",61,11,0.0425,0,0:00:29,74,2.7
HIzxdPRc58g,"Andrea Villamizar, una administradora que consolida el capital humano en Colombia y México","May 4, 2023",131,11,0.1387,0,0:00:45,20,5
qpE5KelAAoM,"¿Proyectos que nadie recuerda? 👀Con esta carrera, eso deja de pasar 💚","Mar 28, 2026",52,10,0.0448,0,0:00:38,142,0
td9vVaBFy3Q,¿Por qué se conmemora el Día de la Tierra? ¡Diana Uribe te lo cuenta!,"Apr 22, 2019",415,10,0.446,0,0:02:40,174,4.6
M1CGs4Arlis,Bienvenidas Eanistas 2026-1 | Revive la experiencia Ean e inscríbete en el Ciclo II,"Feb 9, 2026",153,10,0.2856,0,0:01:42,176,5.11
uzv19OOQas8,Para Gigliola Aycardi la educación ha sido clave para liderar e innovar en Bodytech,"Jul 9, 2025",33,10,0.04,0,0:00:23,55,5.45
Nuidq535iCI,Universidad EAN,"Oct 29, 2015",66,10,0.0917,0,0:00:33,76,10.53
ZvFrFzq78S0,El negocio detrás de la cultura / Caso de éxito Liam Puche,"Aug 23, 2019",167,9,0.1495,0,0:00:59,41,19.51
jkqiXoEi--4,Conoce nuestra nueva Maestría en Comercio Electrónico,"Dec 18, 2023",38,9,0.0802,0,0:00:32,32,0
xVqnaHVflI8,¿Cómo hacer búsquedas básicas en Ebook Central?,,421,9,0.2639,0,0:01:45,0,
gY1jKuSFUzg,Así transforma la Universidad Ean su campus con movilidad eléctrica,"Aug 4, 2025",144,9,0.1673,0,0:01:06,81,0
YFYkmfTuEyM,El cierre de año se viene con todo 🎾,"Oct 20, 2025",25,9,0.0504,0,0:00:59,49,2.04
r5o7VCA1u5c,¡Conoce nuestra Política de Sostenibilidad y Emprendimiento Sostenible!,"Aug 13, 2020",170,9,0.3163,0,0:02:06,15,13.33
IiGxPbxwnxU,No es casualidad. Algo grande viene en la Ean,"Jan 6, 2026",29,9,0.0154,0,0:00:09,139,1.44
VdqmFdMBzzs,Conoce nuestra nueva Especialización en Psicología Educativa,"Dec 18, 2023",52,9,0.0961,0,0:00:38,25,8
DLiO6Wf0ewo,#PEI en 60s: la brújula de la #universidadean,,102,9,0.0751,0,0:00:30,1,0
_IJ1FX6STMw,¡Aprende a hacer búsquedas básicas en Access Engineering!,,397,9,0.0889,0,0:00:35,0,
bulUyKwIlp4,Plan Premium EanX,"Jun 12, 2024",80,9,0.1578,0,0:01:03,179,2.79
O9XDmyrtj-Q,📍Diferenciales del edificio Ean Legacy,"Apr 14, 2021",192,8,0.3016,0,0:02:15,89,2.25
FuL8Uoq2D5M,Charla de Liderazgo: Human Management - Paula Amado,"Jul 8, 2025",2113,8,1.0775,0,0:08:04,72,1.39
qmgf2jAlxyY,"¿Cómo encontrar Ebooks de MacGraw Hill, Cengage y Pearson?","Aug 14, 2019",279,8,0.1271,0,0:00:57,1,0
aKLZVN-5Kp8,EANista: realiza tu proceso de matrícula ahora desde SAP,"Nov 14, 2017",566,8,0.1201,0,0:00:54,51,5.88
aOgqKJM_LV4,Universidad Ean presente en el Congreso de la Bogotaneidad 2025,"Oct 22, 2025",40,8,0.0216,0,0:00:17,55,1.82
1aZ2e1R5Upo,Te decimos cómo interpretar los resultados de tus pruebas Icfes Saber 11°,"Oct 18, 2019",49,8,0.0966,0,0:00:43,36,5.56
nnCxitY2Rww,#PodcastEan | Del aula a la empresa: Experiencias cruzadas de dos practicantes,"Oct 31, 2025",1826,8,0.0785,0,0:00:35,122,2.46
iah1WO4bCcI,Pasa de lo técnico al liderazgo con el MBA en Ingeniería de la Universidad Ean.,"Feb 18, 2026",55,8,0.0305,0,0:00:25,33,0
TyIAUQBQETk,Hablar es aprender: #PAT + sábados en #ClasesDeIdiomas | #LenguasModernas,"Mar 6, 2026",57,8,0.0518,0,0:00:26,99,5.05
wpiWwAoa2zQ,Ean Legacy,"Jan 6, 2021",31,8,0.0417,0,0:00:18,37,0
r2IfMZyN6c4,¡Así serán los nuevos espacios del Ean Legacy!,"Dec 17, 2019",61,8,0.0785,0,0:00:35,20,5
F-WukAMBFWM,Domina la IA y toma el control de tu futuro,"Jun 25, 2024",124,8,0.0876,0,0:00:39,30,3.33
K22shfmC7P8,Laboratorios | Ingeniería | Universidad EAN,"Apr 10, 2018",218,8,0.0933,0,0:00:41,39,2.56
JDBQ228lKTk,1.4  ¿Qué no es el perdón? | #EanX,,656,8,0.3294,0,0:02:28,0,
1w0n2is37Qc,"¡Disfruta GRATIS el curso 'Aprender a Perdonar', con Fred Luskin!","Jul 1, 2021",40,8,0.0505,0,0:00:22,45,13.33
k8aNNC0Z0pI,¡Revive lo mejor de la ceremonia de graduación  2019-1!,"Apr 24, 2019",55,7,0.0577,0,0:00:29,28,3.57
6Bop26zwz0U,El mundo según Brigitte,"Dec 14, 2023",444,7,0.6045,0,0:05:10,47,0
4djapgchlpA,Fernando Anzures visitará la Universidad Ean,"Feb 25, 2019",44,7,0.0145,0,0:00:16,62,0
edrmw7kPOew,4Prot: una experiencia con la realidad virtual,"Apr 26, 2022",345,7,0.231,0,0:01:58,92,3.26
cnMTsH_y940,Firmamos una alianza con Open AI para transformar el aprendizaje en Colombia.,"Aug 26, 2025",56,7,0.0883,0,0:00:45,41,0
yl8ANhpT9N0,Del salón al backstage 👀🎶 así se vive el #AprenderHaciendo en la Ean desde el #EstéreoPicnic 🔥,"Mar 21, 2026",108,7,0.043,0,0:00:38,148,0
tvSnZB5uB0Q,¿Cómo prevenir el consumo de fentanilo?,"Sep 27, 2023",2011,7,0.1879,0,0:01:36,51,7.84
62f3duRHm80,¿Cómo gestionar correctamente los residuos sólidos? #SemanaDeLaSostenibilidad,"Jun 1, 2022",220,7,0.2336,0,0:02:00,14,7.14
 -u11KwDO4no,¿Cómo hacer búsquedas avanzadas en la base de datos Harvard Deusto?,"Nov 6, 2019",179,7,0.0528,0,0:00:27,0,
9CQ4WxPo0yw,Comercial #Empodérate de la Universidad Ean,"Oct 21, 2018",64,7,0.0759,0,0:00:39,89,6.74
_DftCcep7w0,¿Por qué es importante sembrar árboles?,"Apr 11, 2019",54,7,0.1335,0,0:01:08,38,5.26
dl4PACOG-4Q,Maestría en Comercio Electrónico vs Maestría en Mercadeo Digital,"Apr 2, 2024",67,7,0.1225,0,0:01:03,96,2.08
mr5xK3AhEKg,"Ean Legacy, más que un referente de construcción sostenible","Apr 1, 2019",93,7,0.1193,0,0:01:01,16,0
6JAr_q-t9UE,"¿Pensando en un MBA en el exterior? Crece profesionalmente sin ir tan lejos, en la Universidad Ean.","Feb 19, 2026",90,7,0.1432,0,0:01:13,121,4.96
we4ijtCDrOs,14 estudiantes de coreanos aprendieron español recorriendo Bogotá y viviendo el idioma en la Ean,"Jan 29, 2026",103,7,0.0257,0,0:00:22,60,3.33
rNKgyRIy9F8,Mitos y verdades de la ingeniería en la era de las IA,"Aug 4, 2025",1400,6,1.2278,0,0:12:16,67,4.48
mopTuZ3csEc,💡 ¡Trae tu idea de negocio al Instituto para el Emprendimiento Sostenible!,"Oct 29, 2021",68,6,0.0652,0,0:00:39,14,7.14
VxQL4wiXkfY,NeuroLab Ean,"Apr 2, 2024",51,6,0.0551,0,0:00:48,131,0.76
V5bRzXIxhiI,El agua de Bogotá es potable,"May 7, 2024",270,6,0.2398,0,0:02:23,39,5.13
xO9pAjHcxl4,"Rolando Orozco y Raiza Delgado, Emprendedores sostenibles EANistas","Sep 15, 2016",239,6,0.1456,0,0:01:27,3,33.33
zpSHw-rkl5s,Así celebramos los #GradosEan2025,"Nov 24, 2025",22,6,0.0137,0,0:00:12,40,2.5
etyEhgnQPSk,Inclusión y diversidad: pilares de la Universidad Ean,"Jan 13, 2023",55,6,0.0654,0,0:00:39,8,0
DvkyCTgzifY,Onbase: Certificados relámpago 🌩️,,103,6,0.0873,0,0:00:52,0,
K8fwUQFwHBw,OBTÉN el 30% de DESCUENTO en programas de Educación Continua de la #Ean 💡,"Mar 12, 2026",50,6,0.0166,0,0:00:13,68,4.41
eLVykpnMYB8,Becas por Colombia: estudia virtual en la Universidad Ean  sin salir de tu región,"Mar 4, 2026",60,6,0.0036,0,0:00:06,83,0
LRJShEI8CW8,¿En qué caneca va eso? ABC de la separación de residuos,"Dec 19, 2023",246,6,0.1287,0,0:01:17,12,0
pWrk3tTZWMc,EANista de pregrado virtual y presencial: conoce cómo generar tu recibo de pago,"Dec 14, 2017",243,6,0.1607,0,0:01:36,27,22.22
Kxl2D-uNZv8,Inducción Universidad Ean,"Jan 15, 2019",390,6,0.4413,0,0:04:24,28,14.29
aZWJLwIgXfI,Estudiantes de la Ean desarrollan brazo robótico para escritura y automatización de procesos,,64,6,0.0318,0,0:00:19,0,
2Exlyo1UTa4,Experiencia en nuestro Laboratorio de Realidad Virtual,"Apr 8, 2022",165,6,0.0442,0,0:00:26,91,3.3
3ZVS5bTKh5s,Estudiantes construyen deshidratador solar,"Nov 23, 2022",139,6,0.1508,0,0:01:30,103,2.91
DB4wQ_a3xQM,Experiencia internacional en el norte de Europa,"Jul 28, 2017",214,6,0.1461,0,0:01:27,6,0
yWrSCY4SfQw,"Domina idiomas, conecta culturas y crea impacto global con nuestro programa en Lenguas Modernas","Dec 27, 2025",38,6,0.0362,0,0:00:25,63,3.17
k7QcpfLwpTc,"Mónica Colin, nueva decana de la Facultad de Humanidades y Ciencias Sociales","Jun 14, 2023",151,6,0.0844,0,0:00:50,9,0
lLXdEBqcolM,Ean Campuslands Bogotá,"Jul 12, 2024",463,6,0.3248,0,0:03:14,47,4.26
55g96p6B4l8,¡Brigitte Baptiste celebra un año como rectora de la Universidad Ean!,"Sep 11, 2020",95,6,0.086,0,0:00:51,50,8
VnJ5FJe1bQg,¿Cómo realizar tu proceso de inscripción de unidades de estudio?,"May 30, 2019",78,5,0.0648,0,0:00:46,0,
AwldBjt4T4c,Tres mitos sobre sobre las estrategias de marketing y publicidad en internet,"Jun 28, 2019",65,5,0.0585,0,0:00:42,14,0
bmn8eZNh-3w,Programa de Intercambio Académico Internacional de Corta Duración - Misión Académica,"Oct 27, 2015",214,5,0.1082,0,0:01:17,2,0
VlpgnaZ5LKo,"Con Ean virtual, encuentra ese espacio de equilibrio entre tu vida y #EstudiarParaCrear.","Jul 23, 2025",45,5,0.0571,0,0:00:41,90,5.56
3dlaiENCluE,Artritis reumatoide en Colombia,"Sep 7, 2023",259,5,0.1738,0,0:02:05,54,7.41
vQWjBVuy6G0,Ean International,"May 3, 2023",187,5,0.0967,0,0:01:09,323,1.55
YC_BErgQOhI,Transiciones socioecológicas: Urbanismo y Sostenibilidad en Bogotá (español),"Mar 22, 2024",11415,5,1.0126,0,0:12:09,41,2.44
_YQ4s214Kls,Conferencia: Identificación del riesgo en consumo de sustancias psicoactivas e intervención inicial,"Nov 18, 2015",4274,5,0.2804,0,0:03:21,105,2.86
3eemB_wd1bU,"Estudia para transformar realidades, no solo para traducirlas","Jul 2, 2025",1705,5,0.6051,0,0:07:15,70,5.71
dwTcWpG7n3U,"Turismo Sostenible: Menos postales, más experiencia real y conexión con las comunidades","Feb 2, 2026",51,5,0.027,0,0:00:30,38,0
y8gMHsu8U9I,"¿Pensando en un MBA en el exterior? Crece profesionalmente sin ir tan lejos, en la Universidad Ean.","Feb 18, 2026",90,5,0.0359,0,0:00:42,48,0
noM2C0ItWrI,Egresada de Ingeniería de producción nos cuenta su experiencia,"Sep 23, 2016",190,5,0.1211,0,0:01:27,90,4.44
uWXtigU4nKo,La tecnología limpia que busca usar el poder del emprendimiento,"Jul 21, 2023",188,5,0.2524,0,0:03:01,13,0
sJBRcepUA9E,¿Cómo revisar tus calificaciones en SAP?. Ver tutorial,"Aug 28, 2017",92,5,0.0508,0,0:00:36,17,0
QIU-5BfjUG0,"¡Conoce a Paula Perotti, nueva Gerente General de nuestra U.! 💚","Jul 27, 2022",131,5,0.0564,0,0:00:40,29,3.45
MVanakGbfxY,Confianza y educación financiera para estudiantes de la Ean con #FogafínEnLaU,"Sep 3, 2025",47,5,0.0146,0,0:00:15,101,0.99
w2pCU0f4GME,Conoce nuestro programa Mentoría EAN,"May 4, 2020",1009,5,0.1666,0,0:01:59,7,57.14
8px61kMiBTU,¡Conoce más sobre la Defensoría Universitaria!,"Jan 11, 2024",98,5,0.0734,0,0:00:52,12,0
gorw5CuL54E,De estudiar Economía en la U. Ean a trabajar en una multinacional,"Nov 25, 2019",71,5,0.0693,0,0:00:49,93,4.3
8SDjP2IqyTw,Dengue en Colombia ¿Qué dicen los expertos?,"Aug 23, 2023",318,5,0.2599,0,0:03:07,64,0
3NFBjV1GZbo,¡Únete a #EanFilantropía y conviértete en agente de cambio!,"Jul 8, 2021",156,5,0.1374,0,0:01:38,6,0
-61f7nBiVnM,Puertas Adentro - Capítulo: Vivir con la IA: acompañamiento y uso responsable en casa y el aula,"Feb 27, 2026",3801,5,0.1057,0,0:01:16,103,3.88
mJGzx2uxlJc,1.5 ¿Por qué necesitamos perdonar? | #EanX,,570,5,0.3784,0,0:04:32,0,
01fLZ_i63O4,Universidad Ean  Construyendo futuro con propósito,,901,5,0.2775,0,0:03:19,0,
gw_KvYuQRsY,Convierte tu pasión por la cultura con el programa en Gestión Cultural en Universidad Ean.,"Feb 19, 2026",76,5,0.0625,0,0:01:51,47,2.13
YgssodXqqkI,Conoce la historia de uno de los fundadores de la Universidad Ean,"Jan 24, 2019",204,5,0.1658,0,0:01:59,66,1.52
7iwJ-nGIaBk,¡Conoce nuestra nueva aula virtual: Canvas!,"Jan 9, 2020",48,5,0.0554,0,0:00:39,18,11.11
UVc0p107oE4,¡Impulsa tus habilidades y llega más lejos! Somos Educación Continua de la U Ean,"Mar 21, 2024",64,5,0.0646,0,0:00:46,24,8.33
onJgWK6E-rM,Racionamiento de agua en Bogotá,"Apr 8, 2024",45,5,0.0103,0,0:00:14,31,0
LyR95n203JU,Carrera en Lenguas Modernas | SNIES: 4948 - 90320 | Vigilada Mineducación,"Oct 21, 2019",15,5,0.0188,0,0:00:13,79,2.53
8zJkMvwB6M0,Cómo emprender y no quedarse en el intento. Escucha a la EANista Diana Leguízamo.,"Oct 11, 2017",65,5,0.0522,0,0:00:37,9,33.33
hcIVnMO8WwQ,"La sostenibilidad,la inclusión y el emprendimiento, más que temas de aula, son parte del ADN Eanista","Jul 1, 2025",31,5,0.0199,1,0:00:23,25,4
7e3AGZOlml0,Lidera con propósito: el #MBA que transforma tu futuro 💪,"Nov 14, 2025",41,4,0.0117,0,0:00:33,23,4.35
AIl8a7_rDX4,"¡Brigitte Baptiste te da la bienvenida al edificio Ean Legacy, nuestra nueva sede!","Jan 18, 2021",173,4,0.0798,0,0:01:11,66,1.52
B-gOldCSbhM,5 tips para hacer crowdfunding efectivo en Colombia / Emprendimiento,"Mar 21, 2018",132,4,0.1187,1,0:01:46,20,0
Zlve1kZYsrs,Beneficios tributarios para Pymes,"Oct 4, 2023",313,4,0.2036,0,0:03:03,37,2.7
lsbQNc7CZJ0,La NASA mostró imágenes del dióxido de carbono que se concentró en la atmósfera de la Tierra.,"Jun 22, 2023",95,4,0.044,0,0:00:39,55,5.45
33DnBvX655A,¿Dormir para aprender mejor? 😱,"Sep 9, 2021",70,4,0.0464,0,0:00:41,6,0
diWF9M_TbOc,"Talento hay en todas las regiones. Juan Gabriel,  hoy es magíster gracias a la U. Ean y Corpadein","Mar 18, 2026",90,4,0.0166,0,0:00:19,92,0
0kvphbL_3FI,"Ahorrar empieza con evitar esos #gastoshormiga, tu primera inversión puede estar ahí.","Sep 6, 2025",35,4,0.0256,0,0:00:46,16,0
pLkkM49JKow,Egresada describe por qué estudiar en la Universidad EAN,"Apr 23, 2015",252,4,0.1369,0,0:02:03,34,5.88
Le8igieHYg4,No pares en el pregrado: #proyectate al siguiente nivel 💚,"Feb 24, 2026",42,4,0.0301,0,0:00:36,56,3.57
t5r7bI5w0hU,1.8  Asumir de manera exagerada una ofensa personal. Culpar al ofensor por cómo te sientes | #EanX,,632,4,0.2611,0,0:03:54,0,
kvty5H9OZYU,Turismo Sostenible,"Jul 3, 2024",8481,4,0.0144,0,0:00:12,31,6.45
 -f7W27iVkBA,Tu MBA empieza aquí. Descubre lo que la Universidad Ean tiene para ti.💚,"Feb 19, 2026",102,4,0.0711,0,0:01:03,110,1.82
Lr2W8B5bics,1.2  Para  qué sirve aprender a perdonar | #EanX,,459,4,0.269,0,0:04:02,2,0
PtImv0w62Ss,¿Cuál es el rol como estudiante virtual y cómo solicito el material?,"Jul 30, 2012",231,4,0.032,0,0:00:28,16,18.75
822tt047FVU,Maestría en Gerencia de sistemas de información y proyectos tecnológicos Metodología Virtual,"Aug 10, 2015",103,4,0.0605,0,0:00:54,34,2.94
Bi2VmLnWlJ8,El emprendimiento que se convirtió en la Universidad Ean,"Nov 27, 2023",454,4,0.2526,0,0:03:47,65,1.54
Pzfm5r5gJjw,Te invitamos a Body Pump en la Universidad EAN,"Feb 27, 2018",54,4,0.0169,0,0:00:15,10,40
h9CATtjyZZI,1.9  La creación de una historia de agravio | #EanX,,645,4,0.3776,0,0:05:39,0,
9I4Z5M1mZ6w,Panorama del emprendimiento en Colombia,"Apr 19, 2024",829,4,0.2334,0,0:03:30,20,5
eKkr7g4-kVM,¿Cómo realizar búsquedas básicas y avanzadas en EBSCO?,"Jul 26, 2019",386,4,0.1034,0,0:01:33,0,
MFD4v7x11mU,EANista de metodología virtual: realiza tu proceso de matrícula ahora desde SAP,"Nov 16, 2017",493,4,0.0807,0,0:01:12,35,5.71
nHjUxI3FUAE,¡La campeona nacional de taekwondo es eanista!,"Dec 6, 2023",170,4,0.0348,0,0:00:31,48,2.08
k8apFMisL5g,"Conoce más nuestros programas de la Facultad de Administración, Finanzas y Ciencias Económicas","Apr 2, 2024",3173,4,1.8324,0,0:27:29,47,2.13
wFhdcMCeISM,Lidera de la mano con #IA e impacto con la Maestría en Gerencia de Proyectos | #EAN,"Mar 22, 2026",52,4,0.0157,0,0:00:54,121,0
HaM-B5aEL9o,Un concepto que hará volar tu mente: Emprendimiento Sostenible,"Apr 24, 2018",99,4,0.0518,0,0:00:46,36,5.56
j8D6_xCfmnU,Familias campesinas le sacan provecho a la leche de cabra / Semana,"Oct 31, 2017",117,4,0.0742,0,0:01:06,51,5.88
mVrsxntff-0,Retos en la administración en salud,"Dec 7, 2023",11855,4,0.0969,0,0:01:27,20,5
 -pcUUu2DO2U,¿Cómo configurar audio del sistema operativo para Second Life?,"Jul 13, 2016",253,4,0.0631,0,0:00:56,15,6.67
Q_uZ5CvThd4,"""Si no te gusta algo, cámbialo"": Christian Byfield, instagramer de viajes","Mar 28, 2019",218,4,0.0763,0,0:01:08,56,5.36
JKmuVkYrymc,"La ingeniería creativa, innovadora y emprendedora transforma todo. Descúbrelo en nuestro podcast.","Jun 18, 2025",26,4,0.0148,0,0:00:25,81,0
AdiboM51A3k,Nuestro #EanLegacy y sede El Nogal en 360°,"Mar 9, 2020",31,4,0.0284,0,0:00:25,12,16.67
jiVRIckCOus,"La nueva ingeniería es creativa, consciente y con impacto real. Conoce más en nuestro podcast.","Jun 17, 2025",23,4,0.0016,0,,40,0
u0rjHgyJ7ww,En pocos días abriremos contigo un regalo que preparamos con orgullo. El 13 de enero lo conocerás. 📅,"Jan 2, 2026",20,4,0.0055,0,0:00:05,26,0
KKUagt5-H1I,¿Por qué estudiar una Ingeniería con la Universidad EAN?,"Aug 11, 2015",321,4,0.1886,0,0:02:49,39,10.26
hBJVPHx0NkQ,Análisis internacional sobre los desafíos actuales de los sistemas de salud | Universidad Ean,"Jan 5, 2026",2445,4,0.0365,0,0:00:32,82,3.66
TQ0YfI5sCOo,¿Estudias para crear? En la Ean impulsamos tu futuro con emprendimiento e innovación.,"Jul 17, 2025",40,4,0.0146,0,0:00:50,35,0
su3L9jCclPo,1.7  ¿Qué es un agravio? | #EanX,,341,4,0.2013,0,0:03:01,0,
XYWZT3Vx3kI,Programa de Intercambio Académico Internacional de Corta Duración - Curso de Inmersión,"Oct 27, 2015",158,4,0.0927,0,0:01:23,5,0
zZ07Ku9xEi8,¡Inicia tu carrera en 2025 con la Universidad Ean!,"Dec 10, 2024",189,4,0.037,0,0:00:33,55,5.45
jShgcCos0W0,¿Cómo hacer búsquedas avanzadas en la base de datos Knovel?,"Nov 6, 2019",161,4,0.0403,0,0:00:36,0,
3eJ6amg_z6Q,El emprendedor que recorre el mundo llevando luz a comunidades vulnerables / Semana,"Nov 15, 2017",121,4,0.0878,0,0:01:19,6,0
plaEdtbZR9g,6 opciones que te ofrece la Universidad Ean para realizar el trabajo de grado en tu Maestría,"Feb 26, 2024",108,4,0.0592,0,0:00:53,14,0
tlXZEFTAxJs,Invierte tu prima en tu futuro. Cursos y diplomados que impulsan tu perfil profesional con la Ean.,"Dec 22, 2025",30,4,0.0165,0,0:00:29,20,0
HzFziT2jIto,"Cradle to cradle®, nuevo modelo de desarrollo","Sep 20, 2017",1002,4,0.3104,0,0:04:39,16,6.25
TbKGylupus0,Lo que nadie está diciendo sobre inteligencia artificial y bienestar,,37,4,0.0269,0,0:00:24,0,
sj4su4_xwdI,Energías renovables para ‘dummies’… y para presidenciables,"May 25, 2018",133,4,0.0395,0,0:00:35,16,0
X-KseR_TzIQ,¿Cómo hacer búsquedas básicas y avanzadas en Oxford Academic? / Tutorial,"Aug 14, 2019",297,4,0.1049,0,0:01:34,0,
vVvGbnIVd6A,¿Cómo renovar el préstamo de libros en Biblioteca? / Tutorial,"Jun 25, 2019",114,4,0.0103,0,0:00:09,42,0
Q4E78oZov1M,Bernardo Kliksberg en la Universidad EAN - Ética para empresarios,"Oct 13, 2016",515,4,0.155,0,0:02:19,42,0
A-LeiNxckxg,"Meet Sophie Morley, the new Fulbright assistant at Universidad Ean",,60,4,0.0271,0,0:00:24,0,
W4jfIWg0v3o,Microcredenciales Ean: el camino hacia el futuro de la educación,"Oct 31, 2023",191,3,0.0125,0,0:00:14,16,12.5
sxJdIxfYQHw,Conviértete en experto en Machine Learning y transforma datos en decisiones,"Jan 3, 2026",52,3,0.0047,0,0:00:08,32,0
PU_lgVAXVAU,"¿Qué programas virtuales ofrece la Universidad EAN, y cuál es su validez y legalidad?","Jul 30, 2012",144,3,0.0633,0,0:01:15,27,11.11
1yATLyrB9KM,Doctorado en Gerencia de Proyectos,"Aug 10, 2015",147,3,0.0599,0,0:01:11,25,4
CU7C_OHfcDQ,Conoce los cambios en el cumplimiento de créditos de lenguas extranjeras,"Jan 31, 2024",37,3,0.0304,0,0:00:36,17,0
po2irNNMmhg,El estilo lo pone la #TiendaEan 🛒,"Feb 7, 2026",19,3,0.0142,0,0:00:17,85,2.35
HvtWIbAllYo,Modelo Educativo Universidad Ean,,233,3,0.1157,0,0:02:18,0,
ZigP4VieVrc,Universidad EAN expone arte urbano sostenible en la NQS con Cl. 64,"Jun 23, 2017",51,3,0.0265,0,0:00:31,1,0
bP4B0GWHQ8k,"La receta del éxito, según un economista eanista","Nov 25, 2019",60,3,0.0417,0,0:00:50,23,8.7
wkCf3GFTg1Q,1.3  ¿Qué es el perdón? | #EanX,,444,3,0.2613,0,0:05:13,2,0
10A8tFQsVBk,Impacta con las técnicas de la Psicología Educativa en tu entorno,"Jun 21, 2024",112,3,0.0702,0,0:01:24,41,4.88
qe2ibWj8XGU,1.6 La diferencia entre perdón y reconciliación | #EanX,,182,3,0.1363,0,0:02:43,0,
M6C6IHRgfWs,"1.10  El perdón, una forma de sentirse mejor y ser más feliz | #EanX",,767,3,0.4391,0,0:08:46,0,
cmybJWptWP8,Prepara tu 2026 con el #BlackDaysEan 📉,"Nov 10, 2025",40,3,0.0077,0,0:00:09,20,5
A94W704HF5g,"Facultad de Administración, Finanzas y Ciencias Económicas - Universidad Ean","Dec 18, 2018",90,3,0.0157,0,0:00:18,17,17.65
5HvaGQPaDD4,"Bogotá, ciudad que más reporta ciberdelitos en Colombia","Jun 22, 2023",118,3,0.0354,0,0:00:42,22,9.09
4XDnKO-C-ok,¡Ojo! Esto es lo que pasa si tiras el chicle a la calle,"Feb 10, 2021",99,3,0.0634,0,0:01:16,16,6.25
6J3lGBiuMwM,"""Cambiar de lentes antes que cambiar de clientes"": Fernando Anzures","Mar 18, 2019",5755,3,1.0577,0,0:21:09,82,2.44
JxA7ETlabMY,3.1 Qué son las reglas inamovibles  | #EanX,,980,3,0.5657,0,0:11:18,0,
jxzKi5fbrUA,"(ETA) English Teacher Assistant de Fulbright en la Universidad EAN, Colombia","May 23, 2016",266,3,0.1441,0,0:02:52,18,11.11
8AZW2fwP7Lo,Es el momento de afrontar nuevos retos. #LaEanContinúa,"Apr 6, 2020",29,3,0.0076,0,0:00:09,13,15.38
oDjf5U63arw,Guía rápida Semana E: cómo ganar 10 puntos y tu certificado,"Oct 10, 2025",138,3,0.0232,0,0:00:27,56,0
yL10xpoOWek,Ceremonias de Graduación 2018 | Universidad EAN,"Oct 25, 2018",5704,3,0.1071,0,0:02:08,8,25
HSf1aMUsvWQ,¡Estudia 2 carreras profesionales al mismo tiempo!,"Feb 25, 2021",79,3,0.0158,0,0:00:18,11,0
ky575n2SxgE,Laboratorio móvil para crear comida,"Nov 27, 2023",236,3,0.0084,0,0:00:10,12,0
ZP7CZAkMGVI,¡Felices fiestas nos desea nuestra rectora Brigitte Baptiste!,"Dec 19, 2019",46,3,0.021,0,0:00:25,22,4.55
g20KfUsjXE8,Los emprendedores perseguimos sueños,"Jul 24, 2014",212,3,0.034,0,0:00:40,20,15
T4gTM2_a5-o,¡Los contadores públicos eanistas ahora podrán ser bilingües!,"Oct 17, 2023",352,3,0.1478,0,0:02:57,17,11.76
AF682yi3SC0,Universidad Ean ofrece alternativas para hacerle frente a la baja de matrículas en universidades,"Jun 26, 2023",522,3,0.1983,0,0:03:57,57,3.51
n-mQlRnIUXE,¿Cómo realizar búsquedas en Multilegis? | #BibliotecaEan,,330,3,0.1107,0,0:02:12,0,
oTZ-0DCKopQ,Nuestro Bosque Ean,"Feb 9, 2024",106,3,0.0875,0,0:01:45,16,0
W73Yd1Zpc48,La nueva apuesta de la Universidad Ean: Escuela de Arte y Diseño Sostenible,"Mar 18, 2024",142,3,0.1183,0,0:02:21,30,0
JwX1qkXRp3A,Consejos para presentar las Pruebas Saber Pro 2020,"Nov 26, 2020",66,3,0.0151,0,0:00:18,39,2.56
f1kZprX7fNs,¿Cómo renovar el préstamo de libros en Biblioteca? / Tutorial,"Feb 15, 2019",135,3,0.0148,0,0:00:17,49,6.12
 -X0i06xNUmc,Somos 5 Estrellas a nivel mundial 🌍🌟#QSStars #Ean,"Jan 20, 2026",46,3,0.0163,0,0:00:29,23,0
EorJPwYQJyE,¡El Altavoz en 60 segundos! Edición julio y agosto de 2023,"Oct 4, 2023",89,3,0.0631,0,0:01:15,14,21.43
Gga8bsLk7I0,La idea que impacta a productores rurales a través de modelos de conocimiento,"Nov 8, 2023",173,3,0.094,0,0:01:52,17,0
p7gg4Hq1IrQ,Maestría en Mercadeo Digital,"Apr 2, 2024",67,3,0.0555,0,0:01:06,23,0
ltoA4Wt7tQk,El mercado cambió: actualízate con #MicrocredencialesIA y #UniversidadEAN,"Jan 27, 2026",51,3,0.0164,0,0:00:57,32,0
X_XAOTMTZpM,Tutores de éxito - Universidad Ean,,48,3,0.0387,0,0:00:46,0,
CX7N985WEyg,"Amay Chocolates, un emprendimiento que muestra la transformación del campo en Colombia","Sep 2, 2022",133,3,0.0532,0,0:01:03,42,7.14
s3PFSQo7G5I,3.10  Todo es práctica | #EanX,,905,3,0.4055,0,0:08:06,0,
AKtmjHpsobY,¡Una experiencia mágica! Así vivieron 5 eanistas su práctica profesional en Disney,"Apr 7, 2020",239,3,0.0357,0,0:00:42,48,6.25
myn2GyklqbI,"¡Eanista, Brigitte Baptiste te invita a disfrutar Ean X!","Feb 17, 2021",50,3,0.0204,0,0:00:24,30,3.33
cWo5CFhNCAU,Lidera y emprende con el programa en Administración de Empresas,"Dec 30, 2025",46,3,0.0164,0,0:00:19,28,3.57
wfYe02uzF6E,Conoce nuestras Carreras Universitarias,"Nov 30, 2020",37,3,0.0019,0,0:00:02,10,0
FrV3QIODdBQ,¡Conoce todos nuestros programas!,"Nov 8, 2019",44,3,0.0163,0,0:00:19,23,4.35
h2elOiYM4D0,La Universidad Ean desarrolla un perro robot para ayudar a personas en condición de discapacidad,"Aug 17, 2023",367,2,0.0306,0,0:00:55,12,8.33
G1aCINX-WMI,Especialización en Administración Financiera | SNIES: 2654 | Vigilada Mineducación,"Oct 23, 2019",13,2,0.0065,0,0:00:11,14,14.29
6Z6LPeK9KpA,Publicación: Cinco miradas al turismo cultural,"Sep 27, 2017",127,2,0.0222,0,0:00:39,31,0
DUin1amf6PY,¡Tengamos buenas prácticas digitales en casa!,"Aug 12, 2020",86,2,0.0089,0,0:00:15,33,3.03
e4DVV25-QM0,2.1  Información científica sobre el perdón | #EanX,,479,2,0.1432,0,0:04:17,0,
s-qUTEnzJGU,La historia de la Universidad Ean: 53 años de éxitos,"Oct 27, 2020",89,2,0.0357,0,0:01:04,19,5.26
9uhhqC5Qq3M,"Noche de gala, 57 años","Dec 4, 2024",113,2,0.0567,0,0:01:42,34,2.94
9y66kS8F5Pk,Doctorado en Gestión,"Aug 10, 2015",127,2,0.0382,0,0:01:08,18,5.56
goNeFmG4a0M,Mientras tú no estabas: El Altavoz (junio de 2024),"Jul 19, 2024",190,2,0,0,0:00:00,36,0
TwLzlEw1nGo,"¡Ellos son nuestros Graduados de la Ean, con nuestra alianza Corpadein!",,98,2,0.0352,0,0:01:03,0,
akRhEVH42OU,Conociendo el material de aprendizaje y la biblioteca virtual.,"Jul 30, 2012",118,2,0.0097,0,0:00:17,8,12.5
vePOtoq4Cc8,Bisvita Basura Cero,"Apr 9, 2024",97,2,0.049,0,0:01:28,20,5
rrnpieSiDCg,¿Tarde? ¡No! Este Semestre aún puedes estudiar en la #Ean ✅,"Feb 27, 2026",41,2,0.0009,0,,53,0
x5VhQJjjpH0,¿Cómo emprender y no quedarse en el intento? 2/3,"Jan 25, 2019",66,2,0.0365,0,0:01:05,9,22.22
YIG5APfhjlk,Maestría en Administración de Empresas MBA Metodología Virtual,"Aug 10, 2015",135,2,0.0407,0,0:01:13,28,7.14
qX9Bi2l7VhU,3.9 Las cuatro etapas del perdón  | #EanX,,744,2,0.4258,0,0:12:46,0,
4mnSGmhbglA,3DVINCI Studios,"Jun 25, 2024",198,2,0.0549,0,0:01:38,42,0
SMx9EzkGVnE,Cuidado del agua,"May 24, 2024",84,2,0.0038,0,0:00:06,21,4.76
VJE62e9C_00,3.8 Práctica de HEAL | #EanX,,644,2,0.1879,0,0:05:38,0,
RsxLpu0EAgs,¿Cómo hacer búsquedas en la bases de datos Virtual Pro?,,484,2,0.1357,0,0:04:04,0,
zgijcTLck44,Bernardo Kliksberg en la Universidad EAN - Ética para empresarios II,"Oct 13, 2016",376,2,0.0048,0,0:00:08,5,0
sbEMUATxCvU,Elección de representantes de docentes ante el Consejo Académico - Plancha 2,"Mar 10, 2017",79,2,0.0234,0,0:00:42,2,0
buDjyudPDyI,Maestría en Gestión de Proyectos Metodología Presencial,"Aug 10, 2015",117,2,0.0203,0,0:00:36,21,9.52
mTEkLiwTO48,El deporte de hacer dinero con el deporte,"Jun 8, 2018",85,2,0.0214,0,0:00:38,11,18.18
woLftFF1cnU,"Transforma datos en decisiones. Con la #MaestríaEnCienciaDeDatos desarrollas #mlops , #iagenerativa","Dec 23, 2025",43,2,0.0019,0,0:00:05,11,0
4lXCvooTVUo,¿Habrá racionamiento de energía?,"Apr 16, 2024",605,2,0.0252,0,0:00:45,21,4.76
wfpkSXFPCog,Bienvenidos a Fitness EAN⎪Universidad EAN,"Aug 29, 2018",89,2,0.0157,0,0:00:28,13,7.69
tJuGvOWFOFQ,¿Sabías que en Colombia se construye un hito de construcción sostenible?,"Jul 28, 2017",108,2,0.0269,0,0:00:48,12,8.33
A2f9Cna5cEg,Experiencia Internacional en la Universidad EAN,"Oct 31, 2014",264,2,0.098,0,0:02:56,14,14.29
osx-ydES8js,Especialización en Gerencia de Mercadeo | SNIES: 4912 | Vigilada Mineducación,"Jan 14, 2020",14,2,0.0061,0,0:00:11,11,18.18
Mi5xbJ1MY6w,"Las noticias, las historias y los protagonistas en El Altavoz - Edición febrero 2024","Mar 22, 2024",115,2,0.0178,0,0:00:32,18,5.56
paFSwZqejpw,3.7 Afirmación y compromiso a largo plazo | #EanX,,742,2,0.2998,0,0:08:59,0,
fXYrdXOW-i0,Beneficios y ventajas de la convalidación de títulos,"Aug 25, 2023",297,2,0.0713,0,0:02:08,49,2.04
Q4VFP9fDa9I,"No es viajar, es jugar en ligas globales, con la U Ean 👊","Dec 16, 2025",57,2,0.0067,0,0:00:22,17,0
Coik77aidW8,Conoce a la Universidad EAN,"Apr 27, 2017",123,2,0.0405,0,0:01:12,88,1.14
fVGqzMYhtB0,Entrevista EAN con Gigliola Aycardi,"Jun 6, 2018",131,2,0.0048,0,0:00:08,25,8
FnQzvM9YOCs,Las carreras mejor pagas en Colombia,"Aug 8, 2023",191,2,0.0519,0,0:01:33,29,0
yhYV0OCoGmo,Conoce las novedades del modelo Ean Virtual 2.0,,177,2,0.0968,0,0:02:54,0,
RZdQRFZdG6A,Colombia es sabor y color: así nos ven los extranjeros,"Jan 25, 2019",199,2,0.1106,0,0:03:18,40,2.5
uRGtR5AnJCM,Maestría en Gestión Financiera Metodología Presencial,"Aug 11, 2015",105,2,0.0483,0,0:01:27,14,14.29
nHs58GSfZyg,El futuro no espera: aprovecha el Hot Sale EAN 🔥,"Oct 16, 2025",40,2,0.006,0,0:00:21,38,0
MDFpchYk9Sw,¿Cómo encontrar nuestros Ebooks 7-24?⎪Universidad EAN,"Sep 17, 2018",164,2,0.0038,0,0:00:06,8,25
aqMY0FOMw5Q,¿Conoces nuestra modalidad de estudio por ciclos?,"Sep 16, 2020",57,2,0.0077,0,0:00:04,18,0
ADEXrvZRyWU,Doctorado en Ingeniería de Procesos,"Aug 10, 2015",122,2,0.0784,0,0:02:21,20,5
Te8H2QAuRE8,"El arte no solo expresa, también transforma ✨","Oct 5, 2025",30,2,0.015,0,0:00:26,15,0
RzBVp2Q7wuE,The Business Idea that Gave Birth to the Universidad Ean,"Sep 6, 2022",243,2,0.0841,0,0:02:31,40,2.5
0I86AFdhu30,Cuánto vale el sostenimiento de un hijo en Colombia,"May 12, 2023",974,2,0.0447,0,0:01:20,30,0
KdzfVvJ_xNY,¿Cómo resolver dudas y cómo inscribirse a nuestros programas virtuales?,"Aug 1, 2012",114,2,0.0317,0,0:00:57,7,28.57
E2LVtXrNuD0,Fulbright y Universidad EAN,"May 5, 2016",622,2,0.0655,0,0:01:57,6,0
OdygFZiEhmc,Actualiza tus habilidades y llega más lejos con la Ean,"Nov 25, 2025",13,2,0.0014,0,0:00:04,11,0
5XAGBw6Ouww,¡El Altavoz en 60 segundos! Edición abril de 2023,"May 30, 2023",81,2,0.0339,0,0:01:01,8,0
Ik4ZSWuJv_k,Carrera en Negocios Internacionales | SNIES: 103014 - 52983 | Vigilada Mineducación,"Oct 22, 2019",10,2,0.0054,0,0:00:09,19,10.53
Y1pPW4P4AOc,Por qué estudiar una especialización en Machine Learning puede transformar tu futuro profesional,,66,2,0.0314,0,0:00:56,0,
s4aEKv96Pjs,¿Qué es Asperger? Un análisis desde la academia,"Sep 8, 2023",990,2,0.1352,0,0:04:03,21,4.76
4u_6BxKFIBE,📍Descubre por qué estar en el #EanLegacy es como estar al aire libre. 😎,"Aug 2, 2021",92,2,0.0088,0,0:00:15,15,13.33
VXVhJeZ0xFg,Maestría en Gestión Financiera,"Jun 28, 2016",60,2,0.0322,0,0:00:58,14,14.29
QCZhBgXhR-c,"Invitación especial de nuestra rectora, Brigitte Baptiste, a leer El Altavoz","Oct 17, 2023",45,2,0.0211,0,0:00:37,36,5.56
BKORvQEKZIA,¿Sabes qué hacer ante una situación de emergencia dentro de la U.?,"Aug 25, 2023",112,2,0.0321,0,0:00:57,9,11.11
KWv4HXMyr8w,"¿Cómo reservar libros, películas y revistar en Sibean de Biblioteca? / Tutorial","Mar 5, 2019",156,2,0.0073,0,0:00:13,7,28.57
rpBo1R7SZNM,"José Alba, nuevo Decano de la Facultad de Administración, Finanzas y Ciencias Económicas de la Ean","Nov 28, 2023",137,2,0.0338,0,0:01:00,21,4.76
xGYDZQ2SDi4,Especialización en Gerencia de Mercadeo,"Jun 28, 2016",59,2,0.0294,0,0:00:52,6,16.67
ryHU7z4wTno,Con la cualificación ACCA de la Ean serás un profesional de nivel internacional,"Apr 25, 2023",207,2,0.0707,0,0:02:07,15,0
4VpohD-uRSw,La invitación de Brigitte Baptiste al Women Economic Forum,"Jul 31, 2019",34,2,0.0136,0,0:00:24,57,3.51
DtvDOinWv98,58 años de historia y 3 días de innovación: prográmate con la Semana E de la Ean,"Sep 22, 2025",89,2,0.0075,0,0:00:13,47,4.26
E3qfnns1uq8,Programa de Intercambio Académico Internacional de Largo Plazo para estudiantes extranjeros.,"Oct 27, 2015",110,2,0.023,0,0:00:41,26,7.69
k-7iBieUtiw,¿Cómo reducir tu huella de carbono?,"Apr 26, 2021",78,2,0.0039,0,0:00:06,14,14.29
v-6XkMJJD6o,Conoce a las empresas beneficiadas en Fondo Impacta,"Sep 24, 2024",61,2,0.0107,0,0:00:19,29,0
XGiHQiFJHOU,"✨ Primer día de la #SemanaE: inspiración, conexión y bienestar ✨","Oct 9, 2025",48,2,0.0022,0,0:00:06,21,0
pU8JQHsfS1A,"Trabajó, estudió y no se rindió: esta es la historia de Jonathan, hoy profesional en Economía","Feb 19, 2026",105,2,0.0004,0,,106,0
OYK-cZbLmt4,Escuela de padres Ean - capítulo 1 | Mitos y realidades sobre la influencia de las redes en la niñez,"Dec 5, 2025",4350,2,1.0366,0,0:31:05,89,1.12
nJ1yzYpzHug,3.11  Recapitulación del curso | #EanX,,833,2,0.2071,0,0:06:12,0,
7dgwF9hsTCs,Maestría en Innovación | SNIES: 101871 | Vigilada Mineducación,"Oct 23, 2019",14,2,0.0037,0,0:00:06,11,9.09
MU64V2wtHt8,¿Cómo acceder a nuestro portal de empleo?⎪Universidad EAN,"Sep 7, 2018",78,2,0.0054,0,0:00:09,3,0
W9Emx7FD638,Conviértete en estratega digital con una maestría enfocada en resultados,"Dec 13, 2025",54,2,0.0055,0,0:00:18,25,4
psbDUHCJQds,"Realiza búsquedas en Springer Nature, la revista académica más importante del mundo",,193,2,0.0539,0,0:01:37,0,
-0RE1K9zbio,Maestría en Mercadeo Global Metodología Virtual,"Aug 11, 2015",118,2,0.0146,0,0:00:26,2,0
5qBCaaT_01U,Educación Continuada - Universidad Ean,"Dec 18, 2018",97,2,0.0156,0,0:00:28,8,0
_96UaDAuJUY,Aplicación de la Universidad EAN,"Jan 24, 2018",34,2,0.0131,0,0:00:23,8,12.5
RM1R-jg8ZqM,Jornadas de inducción,"May 3, 2023",86,2,0.0134,0,0:00:24,59,3.39
RaRCN-tHWuc,"#PodcastEan | Emprender con Éxito: entrevista con Leonardo Gaitán, CEO de Autoparti","Aug 20, 2025",1688,2,0.4886,0,0:14:39,66,0
OR7wrNmUZn0,Edificios sostenibles de Colombia,"Feb 14, 2017",98,2,0.0226,0,0:00:40,18,11.11
TFvEs-QfhLg,La Ean en Noticias RCN: ¿Cómo impacta la baja natalidad la educación en Colombia?,"Oct 28, 2024",100,2,0.0267,0,0:00:48,47,4.26
xpqVFzmGyLU,Tu futuro en marketing empieza aquí en la #Ean 💚,"Dec 11, 2025",54,2,0.0014,0,,16,0
GGapkamIUL4,El dinero ya no es una excusa para no estudiar. Conoce la historia de Oliver.,"Jun 12, 2019",73,2,0.0214,0,0:00:38,30,6.67
8imHw23ojhY,Conoce el Sistema Interno de Aseguramiento de la Calidad de la Ean,,289,2,0.1429,0,0:04:17,0,
B0L-Ax2QWRc,La Universidad Ean y Más Compost apuestan por la conservación de las abejas,"Jan 11, 2022",83,2,0.0382,0,0:01:08,12,8.33
91yd03vZcsA,"1.12  Darle demasiado espacio en nuestras mentes a la injusticia, el guión | #EanX",,855,2,0.4947,0,0:14:50,0,
FBYtr17obZ4,Paola Acevedo es la nueva directora del Programa de Ingeniería Química,"Sep 25, 2023",100,2,0.0011,0,0:00:01,18,5.56
OEljldUD2YA,¡Estudia nuestra carrera profesional en Ingeniería de Sistemas!,,46,2,0.0239,0,0:00:42,0,
9cNrfbgQO18,El poder del conocimiento con #EducaciónContinua 💚,"Oct 4, 2025",34,2,0.0009,0,,17,0
_Ym5UJ3iy0I,EMPODÉRATE,"Oct 26, 2020",33,2,0.0026,0,0:00:04,15,0
n0xkY4nHwe0,1.11  Perdonar es contar una nueva historia | #EanX,,643,2,0.3578,0,0:10:43,0,
meqzoStufXs,4 razones para ir a terapia,"Mar 1, 2023",64,2,0.017,0,0:00:30,10,0
zudtX8H_Jps,Tutorial ¿Cómo consultar tu estado de cuenta? | Biblioteca | Universidad EAN,"Jun 14, 2018",145,2,0.0019,0,0:00:03,7,28.57
fbWJGMGmosQ,La “crisis de valores” es responsable de la doble crisis de biodiversidad y cambio climático,"Aug 17, 2023",718,1,0.0041,0,0:00:14,11,9.09
2C5eP6azwtU,¿Cómo replantear mi propósito de vida? Invitación U. Ean,"Mar 22, 2019",133,1,0.0036,0,0:00:13,8,12.5
FBzljveao1c,Así es el sistema fotovoltaico universitario más grande de Bogotá,"Feb 10, 2020",105,1,0.0062,0,0:00:22,4,0
SM7wVKej9VA,Cómo emprender y no quedarse en el intento. Escucha a la EANista Joanna Prieto.,"Oct 11, 2017",89,1,0.0066,0,0:00:23,2,0
ZapfL0AS61E,Carrera en Estudios y Gestión Cultural / Haz de tu pasión un negocio,"Aug 29, 2019",13,1,0.0034,0,0:00:12,10,10
DkTC2T7ft_8,Psicopedagogía y psicosocial,,71,1,0.0028,0,0:00:10,0,
40cQZ-_3TE4,Cómo Rusia y Colombia dialogan hoy en tecnología y cooperación económica,"Jan 19, 2026",1559,1,0.0048,0,0:00:17,82,1.22
5_e2NNc-A3U,¿Crees que solo se necesita una idea brillante para emprender?⎪EAN Impacta⎪Universidad EAN,"Sep 13, 2018",88,1,0.0072,0,0:00:25,5,20
CPX85oQS-Yo,Maestría en Ingeniería de Procesos Metodología Presencial,"Aug 11, 2015",116,1,0.0149,0,0:00:53,14,7.14
CSY5x5YqLJ4,"La Navidad llegó a la Ean. Un tiempo para  compartir y celebrar juntos.¡Felices fiestas, Eanista!","Dec 6, 2025",48,1,0.0004,0,,9,0
40RUqyG6ubo,Internacionalización - Universidad Ean,"Dec 18, 2018",101,1,0.0041,0,0:00:14,12,8.33
7x3a1bY16k0,#PodcastEan | El arte como estrategia: la historia de Nathalia Velasco y Simone,"Sep 24, 2025",1615,1,0.4483,0,0:26:54,69,0
I8Tjh8SpKaY,Cáncer de mama,"Oct 23, 2023",275,1,0.0003,0,0:00:01,13,7.69
J6N6TJoVdCI,"Bienestar 360°, tu mejor versión inicia aquí","Jan 18, 2024",67,1,0.0021,0,0:00:07,12,0
I2LxvpkT_nU,El snack que se convirtió en emprendimiento sostenible,"Oct 22, 2018",29,1,0.0061,0,0:00:22,13,7.69
QO0kmC9CwC0,Panorama de la subredes de salud en Bogotá,"Aug 2, 2024",148,1,0.019,0,0:01:08,31,0
Yft7ZTB3DUY,Instituto para el Emprendimiento Sostenible - Universidad Ean,"Dec 18, 2018",99,1,0.0161,0,0:00:58,6,16.67
uK9ue71IuoI,¿Cómo descargar tus certificaciones académicas en EXMA 2019?,"May 28, 2019",54,1,0.0146,0,0:00:52,6,16.67
6YwuVZzcDQU,Opinión de René Bautista para RCN sobre maltrato infantil,"Feb 26, 2024",180,1,0,0,0:00:00,24,0
6FLgHp3ky5Y,2.3 Salud emocional y relaciones saludables | #EanX,,650,1,0.1929,0,0:11:34,0,
cEDm123AsEI,Proyectos de desarrollo sostenible con apoyo de Estados Unidos,"Nov 28, 2016",28,1,0.0066,0,0:00:23,10,10
bwMKN0NE3N0,Diplomado en e-Commerce y Marketing Digital de la Universidad Ean,"Jul 16, 2019",7,1,0.0017,1,0:00:06,11,9.09
myn10xzM-W4,Una EANista viviendo una #nuevaexperiencia internacional desde Europa,"Feb 2, 2016",257,1,0.0509,0,0:03:03,3,0
0eGC7yDgwXo,Reflexiones sobre innovación y cambio climático por Brigitte Baptiste,"Mar 14, 2019",49,1,0.0006,0,0:00:02,16,0
UnkQocLM2Tc,Expertos opinan sobre las variaciones del precio del petróleo,"Feb 6, 2019",130,1,0.0064,0,0:00:23,14,7.14
L6xA0iZxYj8,Elección de representantes de estudiantes ante el Consejo Académico - Plancha 2,"Mar 10, 2017",57,1,0.002,0,0:00:07,6,16.67
AHM2OuhQ32M,Conoce el mundo del pensamiento humano complejo,"Jun 21, 2024",60,1,0.0144,0,0:00:52,33,3.03
U16yErsu1sY,Charla sobre acoso y violencia escolar,"Jun 14, 2024",734,1,0.0523,0,0:03:08,22,0
Zxadf4J8Jao,Experiencias internacionales de los EANistas,"Jun 5, 2015",381,1,0.0194,0,0:01:09,8,12.5
0JHn1OeP12Y,¿Cómo buscar en SAGE Journals?,,272,1,0.0754,0,0:04:31,0,
UkoB-E6SNIw,"""La maternidad no fue un impedimento para estudiar un MBA virtual""","Jul 9, 2019",71,1,0.0177,0,0:01:03,9,11.11
hGmNLaLmgL0,#OrgulloEanista Nuestras Madres Profesionales son valientes.,"May 13, 2025",81,1,0.0213,0,0:01:16,39,0
M6iqDMfKrc0,De la corbata a la mochila: ¿cómo hacer de tu pasión una forma de vida rentable?,"Mar 13, 2019",23,1,0.0055,0,0:00:19,31,0
EzyZF0hAMTA,Celebremos el Día del Profesor,"May 3, 2023",68,1,0.0112,0,0:00:40,9,11.11
5hD7h0UksQg,Vive la Universidad Ean,"May 3, 2023",77,1,0,0,0:00:00,14,0
ZiS5rscNHA0,Así puedes identificar a los VENDEHÚMOS FINANCIEROS | 🎧 Podcast U. Ean,"Sep 8, 2025",3354,1,0.0008,0,0:00:02,90,1.11
kYSvyoOtB74,EANista de posgrado presencial y virtual: conoce cómo generar tu recibo de pago completo,"Dec 14, 2017",686,1,0.2266,0,0:13:35,15,0
JQdHL6u_QiA,Conoce los costos de no innovar,"May 3, 2019",89,1,0,0,0:00:00,33,0
giVQ9qy3LNo,Inicia el proceso de matrículas en SAP,"Nov 20, 2017",65,1,0.0008,0,0:00:02,10,10
RK2Yv4NFMbA,Carrera en Ingeniería de Sistemas | SNIES: 1984 - 102139 | Vigilada Mineducación,"Oct 21, 2019",15,1,0.0014,0,0:00:05,28,0
gv1QkswmJN4,La universidad del emprendimiento sostenible,"Apr 18, 2022",61,1,0.0106,0,0:00:38,15,6.67
f3LO2MFiM84,Reforma a la salud,"Oct 6, 2023",645,1,0.0019,0,0:00:07,10,10
BFbCQQg6eXA,Tres razones para estudiar en modalidad nocturna,"Jul 9, 2019",74,1,0.0118,0,0:00:42,14,7.14
IqNV_wwjUL0,Estrategias de ventas de útiles escolares en tiendas de barrio,"Feb 6, 2024",724,1,0.0032,0,0:00:11,14,0
hvEjgYllTFA,"Inteligencia Artificial en nuevos programas de Educación Continua, la apuesta de la Universidad Ean","Oct 3, 2024",95,1,0.0001,0,0:00:00,37,2.7
tlfQ8FwM9Lw,¿Por qué la fachada del Ean Legacy es única en el mundo?,"Oct 29, 2020",91,1,0.0035,0,0:00:12,12,0
8f55w38pBHg,¡Estudia en la U. Líder en Emprendimiento con Corpadein!,,63,1,0.0172,0,0:01:02,0,
vQk2ptzeadI,Elección de representantes de estudiantes ante el Consejo Académico - Plancha 1,"Mar 10, 2017",75,1,0.0039,0,0:00:13,2,0
6ObfYqaGcl4,¡Esto es lo que debes tener presente cuando visites los laboratorios de la U.!,,139,1,0.0539,0,0:03:14,0,
tieFm0rIlAk,"Si lo tuyo es hablar, crear o simplemente expresarte ¡Este espacio es para ti!","Oct 14, 2025",52,1,0.0012,0,0:00:04,12,0
S5AWao2jn4o,"Adiós al estigma del suicidio, hola a la conversación: entrevista en RCN","Aug 20, 2024",253,1,0.0309,0,0:01:51,36,0
sm1D0N8x4-g,Valerie Meikle y las enseñanzas que le dejó la Amazonia colombiana,"Mar 13, 2020",110,1,0.0001,0,0:00:00,36,2.78
HPx6Nu2_UmY,Marcha del Orgullo LGBTIQ+,"Jun 18, 2024",45,1,0.0037,0,0:00:13,27,0
Ez-pJZj_Euc,¿Sigue siendo la UPC la cuestión de fondo?,"Apr 8, 2024",277,1,0.0019,0,0:00:06,16,6.25
QhEkWGLeMdY,"Shelly- Ann Mohammed, de ACCA, visitó la Universidad Ean","Nov 11, 2022",191,1,0.0029,0,0:00:10,9,11.11
SO33JaMlmPs,¡Esto es todo lo que tienes que saber sobre las #5EstrellasEan de #QSStars! 💚🌟,,161,1,0.0001,0,0:00:00,0,
QncY0ikjlSo,Desarrolla tu marca personal: ¡Conviértete en bloguero de la U!,"Nov 24, 2020",36,1,0.001,0,,2,0
PGt5IbDZ_-w,Egresado de la Especialización en Gobierno y Gerencia Pública,"Feb 3, 2017",364,1,0.0156,0,0:00:56,26,3.85
IDRBtbn9bO4,"Competencia, crisis e innovación: la fórmula de Cinépolis | Visión Global Podcast","Sep 13, 2025",883,1,0.0007,0,0:00:02,46,0
YXENGo6uNEI,Conoce al nuevo decano de la Facultad de Ingeniería,"Sep 19, 2022",96,1,0.017,0,0:01:01,17,0
rX2KpSOM5fw,Manejo de plagas en Bogotá con Caracol Ahora,"Oct 6, 2023",501,1,0.0016,0,0:00:05,10,10
0Q1dap2Vx80,📍¿Cómo ser un investigador desde la Universidad? 🤓,"Sep 14, 2021",134,1,0.0161,0,0:00:57,13,7.69
LcAX_5zPwDA,Especialización en Gerencia de Proyectos | SNIES: 54013 - 106465 | Vigilada Mineducación,"Oct 23, 2019",14,1,0.0033,0,0:00:11,14,7.14
u9N8M6N50gI,"La Universidad EAN, una causa que hay que seguir","Oct 26, 2017",313,1,0.0046,0,0:00:16,30,3.33
sqry84aoPYs,Decano Marco Elías Contreras de la U.EAN nos habla sobre alta calidad,"Apr 20, 2017",307,1,0.011,0,0:00:39,5,20
UVCMyNkb8go,¿Qué carrera universitaria estudiar? 😱 5 #CONSEJOS,"Aug 27, 2021",63,1,0.0118,0,0:00:42,5,0
zT7RSxXT6mA,Observatorio de Transición Energética Universidad Ean,"Sep 27, 2023",314,1,0.0872,0,0:05:13,11,0
CDXYwlU8eQs,Rumbo a la COP16 de Biodiversidad,"Jun 27, 2024",34925,1,0.0025,0,0:00:09,38,2.63
Y7FoY_TqsWc,Historias que inspiran. Imaginart Gallery. #EANistasCambiandoVidas,"Aug 1, 2017",31,1,0.0065,0,0:00:23,6,0
zlN46rAE-eE,Francisco Alonso Chica Cañas | Booktrailer,"Feb 20, 2018",125,1,0.0035,0,0:00:12,2,0
5akpKE8PeeQ,Programas de Ingeniería | Universidad EAN,"Apr 24, 2018",60,1,0.0019,0,0:00:06,13,7.69
CUt8O4LOQ4U,Estudia la Carrera en Ingeniería de Sistemas - Becas a la Equidad,"May 14, 2020",6,1,0.0015,0,0:00:05,20,5
hEbLxOVq7WA,¿Cómo pertencer a los semilleros de investigación de la Universidad EAN?,"Feb 27, 2017",2234,1,0.0384,0,0:02:18,5,20
nHagbQT-Tao,Celebración Día del Profesor,"Jun 6, 2023",132,1,0.0247,0,0:01:28,19,5.26
nft8KKLlPqI,Ean Impacta Diverso,"Dec 22, 2023",282,1,0.0081,0,0:00:29,94,0
wpp49JSVArs,¿Aún no sabes qué es Cradle to Cradle®?,"Mar 8, 2019",79,1,0.0085,0,0:00:30,3,0
gS5vPRIA498,Estudia un pregrado o postgrado en Colombia .,"Jan 18, 2018",66,1,0.01,0,0:00:36,12,0
iy_y6o7WVUc,Beneficios de los árboles,"Apr 23, 2019",54,1,0.0047,0,0:00:17,5,20
Eh3pj4Uv8wo,¿Cuál es mi estado de cuenta en Biblioteca? ¡Siempre a paz y salvo! /Tutorial,"Jun 25, 2019",131,1,0.0039,0,0:00:14,3,33.33
YXMoC-qZ5hE,Raíces de Amor: el emprendimiento que transforma la crianza desde las aulas,,63,1,0.0173,0,0:01:02,0,
KPuHFs11VBE,"La educación debe ser una experiencia: que te reta, te inspira y te conecta #PertenecesAqui","Jul 14, 2025",36,1,0.0013,0,0:00:04,33,0
UnaVOBrB9Zs,¿Cómo inscribir tus unidades de estudio mediante FIORI?⎪Virtual,"Jun 29, 2018",553,1,0.0013,0,0:00:04,8,12.5
U1tTIITreFg,Maestría en Negocios Internacionales Metodología Virtual,"Aug 11, 2015",136,1,0.0194,0,0:01:09,16,6.25
tlv4X6ihmw0,¡Transforma tu emprendimiento con el diplomado en Pensamiento Sostenible!,"Jan 29, 2020",25,1,0.0042,0,0:00:15,10,10
QaNLsjACHlU,¿Cómo reconocer a un eanista?,"Oct 7, 2020",87,1,0.0044,0,0:00:16,11,9.09
k4qc1lwmwLk,"¡Conoce a Chontacones, un 'snack' de chontaduro con sello eanista!","Nov 15, 2019",290,1,0.0803,0,0:04:49,17,0
4zXF1XIm0R0,¡Aprende cómo cuidar la capa de ozono!,"Sep 24, 2020",103,1,0.0152,0,0:00:54,23,4.35
Cz00qfZtq3w,Tres leyendas urbanas sobre el estudio del inglés,"Jul 8, 2019",177,1,0.0489,0,0:02:56,3,33.33
LEPS6L-pHFc,Programa doble grado con SIU,"Dec 2, 2021",109,1,0.0013,0,0:00:04,8,0
eFDrhdowAhU,Maestría en Administración de Empresas – MBA | SNIES: 107865 – 103585 | Vigilada Mineducación,"Jan 10, 2020",15,1,0.004,0,0:00:14,10,0
 -gzc0K_3t0Q,¿Cómo ser emprendedor? ¡Un egresado eanista te cuenta!,"May 2, 2019",29,1,0.0028,0,0:00:10,6,16.67
BkIsiFVS_9Q,Un cerramiento único para Bogotá,"Jan 10, 2018",61,1,0.0015,0,0:00:05,3,33.33
V1jPBdW2ILQ,¿Qué es la Gestión Cultural? / El Tiempo,"Feb 22, 2019",184,1,0.0009,0,0:00:03,4,25
